audit_id,user_id,action,entity_type,entity_id,details,created_at,synthetic,source
AUD00001,8,FULFILL_REQUEST,reservation,43,Synthetic JEEVAN demo activity,2026-10-01,True,synthetic_demo
AUD00002,10,MATCH_DONOR,request,57,Synthetic JEEVAN demo activity,2026-10-01,True,synthetic_demo
AUD00003,16,UPDATE_DONOR,match,54,Synthetic JEEVAN demo activity,2026-10-01,True,synthetic_demo
AUD00004,13,MATCH_DONOR,inventory,46,Synthetic JEEVAN demo activity,2026-10-01,True,synthetic_demo
AUD00005,4,UPDATE_DONOR,reservation,79,Synthetic JEEVAN demo activity,2026-10-01,True,synthetic_demo
AUD00006,7,SEND_ALERT,inventory,71,Synthetic JEEVAN demo activity,2026-10-01,True,synthetic_demo
AUD00007,4,CREATE_RESERVATION,request,77,Synthetic JEEVAN demo activity,2026-10-01,True,synthetic_demo
AUD00008,6,FULFILL_REQUEST,donor,22,Synthetic JEEVAN demo activity,2026-10-01,True,synthetic_demo
AUD00009,10,MATCH_DONOR,reservation,19,Synthetic JEEVAN demo activity,2026-10-01,True,synthetic_demo
AUD00010,19,UPDATE_DONOR,inventory,53,Synthetic JEEVAN demo activity,2026-10-01,True,synthetic_demo
AUD00011,18,FULFILL_REQUEST,match,30,Synthetic JEEVAN demo activity,2026-10-01,True,synthetic_demo
AUD00012,14,MATCH_DONOR,inventory,10,Synthetic JEEVAN demo activity,2026-10-01,True,synthetic_demo
AUD00013,1,UPDATE_DONOR,match,81,Synthetic JEEVAN demo activity,2026-10-01,True,synthetic_demo
AUD00014,19,UPDATE_INVENTORY,inventory,11,Synthetic JEEVAN demo activity,2026-10-01,True,synthetic_demo
AUD00015,13,CREATE_REQUEST,reservation,10,Synthetic JEEVAN demo activity,2026-10-01,True,synthetic_demo
AUD00016,20,UPDATE_INVENTORY,donor,76,Synthetic JEEVAN demo activity,2026-10-01,True,synthetic_demo
AUD00017,12,CREATE_RESERVATION,request,95,Synthetic JEEVAN demo activity,2026-10-01,True,synthetic_demo
AUD00018,12,UPDATE_DONOR,donor,17,Synthetic JEEVAN demo activity,2026-10-01,True,synthetic_demo
AUD00019,4,UPDATE_DONOR,donor,21,Synthetic JEEVAN demo activity,2026-10-01,True,synthetic_demo
AUD00020,5,CREATE_REQUEST,match,94,Synthetic JEEVAN demo activity,2026-10-01,True,synthetic_demo
AUD00021,9,SEND_ALERT,request,99,Synthetic JEEVAN demo activity,2026-10-01,True,synthetic_demo
AUD00022,15,UPDATE_INVENTORY,reservation,78,Synthetic JEEVAN demo activity,2026-10-01,True,synthetic_demo
AUD00023,17,FULFILL_REQUEST,donor,56,Synthetic JEEVAN demo activity,2026-10-01,True,synthetic_demo
AUD00024,13,CREATE_REQUEST,inventory,31,Synthetic JEEVAN demo activity,2026-10-01,True,synthetic_demo
AUD00025,12,CREATE_RESERVATION,donor,88,Synthetic JEEVAN demo activity,2026-10-01,True,synthetic_demo
AUD00026,20,SEND_ALERT,inventory,68,Synthetic JEEVAN demo activity,2026-10-01,True,synthetic_demo
AUD00027,5,CREATE_REQUEST,request,69,Synthetic JEEVAN demo activity,2026-10-01,True,synthetic_demo
AUD00028,12,UPDATE_INVENTORY,request,71,Synthetic JEEVAN demo activity,2026-10-01,True,synthetic_demo
AUD00029,4,CREATE_REQUEST,reservation,58,Synthetic JEEVAN demo activity,2026-10-01,True,synthetic_demo
AUD00030,5,MATCH_DONOR,match,85,Synthetic JEEVAN demo activity,2026-10-01,True,synthetic_demo
AUD00031,9,CREATE_REQUEST,inventory,40,Synthetic JEEVAN demo activity,2026-10-01,True,synthetic_demo
AUD00032,14,SEND_ALERT,request,12,Synthetic JEEVAN demo activity,2026-10-01,True,synthetic_demo
AUD00033,7,CREATE_RESERVATION,reservation,22,Synthetic JEEVAN demo activity,2026-10-01,True,synthetic_demo
AUD00034,19,SEND_ALERT,donor,76,Synthetic JEEVAN demo activity,2026-10-01,True,synthetic_demo
AUD00035,17,SEND_ALERT,reservation,79,Synthetic JEEVAN demo activity,2026-10-01,True,synthetic_demo
AUD00036,16,CREATE_RESERVATION,inventory,47,Synthetic JEEVAN demo activity,2026-10-01,True,synthetic_demo
AUD00037,16,UPDATE_DONOR,reservation,90,Synthetic JEEVAN demo activity,2026-10-01,True,synthetic_demo
AUD00038,4,FULFILL_REQUEST,donor,31,Synthetic JEEVAN demo activity,2026-10-01,True,synthetic_demo
AUD00039,5,FULFILL_REQUEST,request,50,Synthetic JEEVAN demo activity,2026-10-01,True,synthetic_demo
AUD00040,10,CREATE_REQUEST,request,65,Synthetic JEEVAN demo activity,2026-10-01,True,synthetic_demo
AUD00041,1,UPDATE_INVENTORY,inventory,26,Synthetic JEEVAN demo activity,2026-10-01,True,synthetic_demo
AUD00042,8,UPDATE_INVENTORY,donor,77,Synthetic JEEVAN demo activity,2026-10-01,True,synthetic_demo
AUD00043,14,CREATE_RESERVATION,donor,59,Synthetic JEEVAN demo activity,2026-10-01,True,synthetic_demo
AUD00044,9,SEND_ALERT,inventory,64,Synthetic JEEVAN demo activity,2026-10-01,True,synthetic_demo
AUD00045,7,UPDATE_DONOR,donor,63,Synthetic JEEVAN demo activity,2026-10-01,True,synthetic_demo
AUD00046,14,UPDATE_DONOR,match,2,Synthetic JEEVAN demo activity,2026-10-01,True,synthetic_demo
AUD00047,18,CREATE_REQUEST,donor,53,Synthetic JEEVAN demo activity,2026-10-01,True,synthetic_demo
AUD00048,14,UPDATE_INVENTORY,reservation,40,Synthetic JEEVAN demo activity,2026-10-01,True,synthetic_demo
AUD00049,10,SEND_ALERT,reservation,54,Synthetic JEEVAN demo activity,2026-10-01,True,synthetic_demo
AUD00050,16,CREATE_RESERVATION,match,14,Synthetic JEEVAN demo activity,2026-10-01,True,synthetic_demo
AUD00051,17,SEND_ALERT,request,85,Synthetic JEEVAN demo activity,2026-10-01,True,synthetic_demo
AUD00052,18,CREATE_REQUEST,request,7,Synthetic JEEVAN demo activity,2026-10-01,True,synthetic_demo
AUD00053,7,UPDATE_DONOR,request,20,Synthetic JEEVAN demo activity,2026-10-01,True,synthetic_demo
AUD00054,18,FULFILL_REQUEST,reservation,42,Synthetic JEEVAN demo activity,2026-10-01,True,synthetic_demo
AUD00055,11,CREATE_RESERVATION,request,11,Synthetic JEEVAN demo activity,2026-10-01,True,synthetic_demo
AUD00056,19,UPDATE_DONOR,inventory,31,Synthetic JEEVAN demo activity,2026-10-01,True,synthetic_demo
AUD00057,8,SEND_ALERT,reservation,5,Synthetic JEEVAN demo activity,2026-10-01,True,synthetic_demo
AUD00058,18,SEND_ALERT,donor,78,Synthetic JEEVAN demo activity,2026-10-01,True,synthetic_demo
AUD00059,8,UPDATE_INVENTORY,inventory,100,Synthetic JEEVAN demo activity,2026-10-01,True,synthetic_demo
AUD00060,4,CREATE_REQUEST,match,9,Synthetic JEEVAN demo activity,2026-10-01,True,synthetic_demo
AUD00061,1,UPDATE_INVENTORY,donor,94,Synthetic JEEVAN demo activity,2026-10-01,True,synthetic_demo
AUD00062,5,FULFILL_REQUEST,inventory,38,Synthetic JEEVAN demo activity,2026-10-01,True,synthetic_demo
AUD00063,1,SEND_ALERT,reservation,65,Synthetic JEEVAN demo activity,2026-10-01,True,synthetic_demo
AUD00064,8,MATCH_DONOR,reservation,5,Synthetic JEEVAN demo activity,2026-10-01,True,synthetic_demo
AUD00065,11,UPDATE_INVENTORY,request,64,Synthetic JEEVAN demo activity,2026-10-01,True,synthetic_demo
AUD00066,17,SEND_ALERT,match,6,Synthetic JEEVAN demo activity,2026-10-01,True,synthetic_demo
AUD00067,5,FULFILL_REQUEST,inventory,9,Synthetic JEEVAN demo activity,2026-10-01,True,synthetic_demo
AUD00068,10,FULFILL_REQUEST,match,57,Synthetic JEEVAN demo activity,2026-10-01,True,synthetic_demo
AUD00069,20,SEND_ALERT,reservation,8,Synthetic JEEVAN demo activity,2026-10-01,True,synthetic_demo
AUD00070,19,CREATE_RESERVATION,inventory,88,Synthetic JEEVAN demo activity,2026-10-01,True,synthetic_demo
AUD00071,2,SEND_ALERT,request,1,Synthetic JEEVAN demo activity,2026-10-01,True,synthetic_demo
AUD00072,6,UPDATE_INVENTORY,request,86,Synthetic JEEVAN demo activity,2026-10-01,True,synthetic_demo
AUD00073,1,CREATE_REQUEST,donor,42,Synthetic JEEVAN demo activity,2026-10-01,True,synthetic_demo
AUD00074,15,FULFILL_REQUEST,inventory,14,Synthetic JEEVAN demo activity,2026-10-01,True,synthetic_demo
AUD00075,6,UPDATE_DONOR,reservation,34,Synthetic JEEVAN demo activity,2026-10-01,True,synthetic_demo
AUD00076,20,SEND_ALERT,donor,38,Synthetic JEEVAN demo activity,2026-10-01,True,synthetic_demo
AUD00077,10,FULFILL_REQUEST,request,39,Synthetic JEEVAN demo activity,2026-10-01,True,synthetic_demo
AUD00078,5,CREATE_REQUEST,request,41,Synthetic JEEVAN demo activity,2026-10-01,True,synthetic_demo
AUD00079,11,CREATE_RESERVATION,donor,31,Synthetic JEEVAN demo activity,2026-10-01,True,synthetic_demo
AUD00080,16,CREATE_REQUEST,reservation,54,Synthetic JEEVAN demo activity,2026-10-01,True,synthetic_demo
AUD00081,12,MATCH_DONOR,match,17,Synthetic JEEVAN demo activity,2026-10-01,True,synthetic_demo
AUD00082,18,CREATE_RESERVATION,request,5,Synthetic JEEVAN demo activity,2026-10-01,True,synthetic_demo
AUD00083,10,CREATE_REQUEST,request,78,Synthetic JEEVAN demo activity,2026-10-01,True,synthetic_demo
AUD00084,8,SEND_ALERT,request,14,Synthetic JEEVAN demo activity,2026-10-01,True,synthetic_demo
AUD00085,20,SEND_ALERT,match,94,Synthetic JEEVAN demo activity,2026-10-01,True,synthetic_demo
AUD00086,2,CREATE_REQUEST,reservation,46,Synthetic JEEVAN demo activity,2026-10-01,True,synthetic_demo
AUD00087,2,MATCH_DONOR,donor,46,Synthetic JEEVAN demo activity,2026-10-01,True,synthetic_demo
AUD00088,14,CREATE_REQUEST,donor,87,Synthetic JEEVAN demo activity,2026-10-01,True,synthetic_demo
AUD00089,15,CREATE_RESERVATION,match,16,Synthetic JEEVAN demo activity,2026-10-01,True,synthetic_demo
AUD00090,1,FULFILL_REQUEST,request,57,Synthetic JEEVAN demo activity,2026-10-01,True,synthetic_demo
AUD00091,8,CREATE_REQUEST,donor,32,Synthetic JEEVAN demo activity,2026-10-01,True,synthetic_demo
AUD00092,4,MATCH_DONOR,request,43,Synthetic JEEVAN demo activity,2026-10-01,True,synthetic_demo
AUD00093,8,UPDATE_INVENTORY,inventory,25,Synthetic JEEVAN demo activity,2026-10-01,True,synthetic_demo
AUD00094,3,UPDATE_INVENTORY,inventory,79,Synthetic JEEVAN demo activity,2026-10-01,True,synthetic_demo
AUD00095,14,SEND_ALERT,reservation,73,Synthetic JEEVAN demo activity,2026-10-01,True,synthetic_demo
AUD00096,16,SEND_ALERT,match,30,Synthetic JEEVAN demo activity,2026-10-01,True,synthetic_demo
AUD00097,8,CREATE_REQUEST,request,50,Synthetic JEEVAN demo activity,2026-10-01,True,synthetic_demo
AUD00098,11,CREATE_RESERVATION,donor,84,Synthetic JEEVAN demo activity,2026-10-01,True,synthetic_demo
AUD00099,2,CREATE_RESERVATION,match,66,Synthetic JEEVAN demo activity,2026-10-01,True,synthetic_demo
AUD00100,8,SEND_ALERT,match,33,Synthetic JEEVAN demo activity,2026-10-01,True,synthetic_demo
AUD00101,1,UPDATE_INVENTORY,reservation,41,Synthetic JEEVAN demo activity,2026-10-01,True,synthetic_demo
AUD00102,2,UPDATE_DONOR,donor,87,Synthetic JEEVAN demo activity,2026-10-01,True,synthetic_demo
AUD00103,5,FULFILL_REQUEST,reservation,17,Synthetic JEEVAN demo activity,2026-10-01,True,synthetic_demo
AUD00104,10,UPDATE_DONOR,inventory,92,Synthetic JEEVAN demo activity,2026-10-01,True,synthetic_demo
AUD00105,1,UPDATE_INVENTORY,match,39,Synthetic JEEVAN demo activity,2026-10-01,True,synthetic_demo
AUD00106,15,UPDATE_DONOR,request,9,Synthetic JEEVAN demo activity,2026-10-01,True,synthetic_demo
AUD00107,17,SEND_ALERT,reservation,77,Synthetic JEEVAN demo activity,2026-10-01,True,synthetic_demo
AUD00108,12,UPDATE_DONOR,donor,11,Synthetic JEEVAN demo activity,2026-10-01,True,synthetic_demo
AUD00109,4,CREATE_RESERVATION,request,70,Synthetic JEEVAN demo activity,2026-10-01,True,synthetic_demo
AUD00110,4,UPDATE_DONOR,inventory,47,Synthetic JEEVAN demo activity,2026-10-01,True,synthetic_demo
AUD00111,1,CREATE_RESERVATION,donor,53,Synthetic JEEVAN demo activity,2026-10-01,True,synthetic_demo
AUD00112,20,UPDATE_DONOR,reservation,84,Synthetic JEEVAN demo activity,2026-10-01,True,synthetic_demo
AUD00113,1,FULFILL_REQUEST,match,34,Synthetic JEEVAN demo activity,2026-10-01,True,synthetic_demo
AUD00114,8,UPDATE_INVENTORY,request,33,Synthetic JEEVAN demo activity,2026-10-01,True,synthetic_demo
AUD00115,6,CREATE_RESERVATION,reservation,58,Synthetic JEEVAN demo activity,2026-10-01,True,synthetic_demo
AUD00116,1,UPDATE_DONOR,reservation,77,Synthetic JEEVAN demo activity,2026-10-01,True,synthetic_demo
AUD00117,3,UPDATE_DONOR,donor,62,Synthetic JEEVAN demo activity,2026-10-01,True,synthetic_demo
AUD00118,11,UPDATE_INVENTORY,donor,67,Synthetic JEEVAN demo activity,2026-10-01,True,synthetic_demo
AUD00119,10,MATCH_DONOR,inventory,30,Synthetic JEEVAN demo activity,2026-10-01,True,synthetic_demo
AUD00120,10,FULFILL_REQUEST,reservation,29,Synthetic JEEVAN demo activity,2026-10-01,True,synthetic_demo
AUD00121,9,CREATE_RESERVATION,reservation,100,Synthetic JEEVAN demo activity,2026-10-01,True,synthetic_demo
AUD00122,5,CREATE_REQUEST,inventory,88,Synthetic JEEVAN demo activity,2026-10-01,True,synthetic_demo
AUD00123,18,UPDATE_DONOR,reservation,63,Synthetic JEEVAN demo activity,2026-10-01,True,synthetic_demo
AUD00124,14,SEND_ALERT,inventory,36,Synthetic JEEVAN demo activity,2026-10-01,True,synthetic_demo
AUD00125,12,MATCH_DONOR,match,23,Synthetic JEEVAN demo activity,2026-10-01,True,synthetic_demo
AUD00126,6,UPDATE_DONOR,donor,29,Synthetic JEEVAN demo activity,2026-10-01,True,synthetic_demo
AUD00127,13,CREATE_REQUEST,reservation,55,Synthetic JEEVAN demo activity,2026-10-01,True,synthetic_demo
AUD00128,4,CREATE_REQUEST,reservation,53,Synthetic JEEVAN demo activity,2026-10-01,True,synthetic_demo
AUD00129,16,SEND_ALERT,match,98,Synthetic JEEVAN demo activity,2026-10-01,True,synthetic_demo
AUD00130,10,FULFILL_REQUEST,inventory,25,Synthetic JEEVAN demo activity,2026-10-01,True,synthetic_demo
AUD00131,6,CREATE_RESERVATION,request,46,Synthetic JEEVAN demo activity,2026-10-01,True,synthetic_demo
AUD00132,11,MATCH_DONOR,request,35,Synthetic JEEVAN demo activity,2026-10-01,True,synthetic_demo
AUD00133,13,CREATE_RESERVATION,request,18,Synthetic JEEVAN demo activity,2026-10-01,True,synthetic_demo
AUD00134,5,UPDATE_INVENTORY,donor,55,Synthetic JEEVAN demo activity,2026-10-01,True,synthetic_demo
AUD00135,3,CREATE_REQUEST,inventory,97,Synthetic JEEVAN demo activity,2026-10-01,True,synthetic_demo
AUD00136,19,SEND_ALERT,reservation,47,Synthetic JEEVAN demo activity,2026-10-01,True,synthetic_demo
AUD00137,19,UPDATE_DONOR,match,93,Synthetic JEEVAN demo activity,2026-10-01,True,synthetic_demo
AUD00138,14,SEND_ALERT,reservation,4,Synthetic JEEVAN demo activity,2026-10-01,True,synthetic_demo
AUD00139,11,CREATE_RESERVATION,match,36,Synthetic JEEVAN demo activity,2026-10-01,True,synthetic_demo
AUD00140,19,MATCH_DONOR,inventory,19,Synthetic JEEVAN demo activity,2026-10-01,True,synthetic_demo
AUD00141,1,UPDATE_INVENTORY,match,56,Synthetic JEEVAN demo activity,2026-10-01,True,synthetic_demo
AUD00142,16,UPDATE_DONOR,match,73,Synthetic JEEVAN demo activity,2026-10-01,True,synthetic_demo
AUD00143,4,SEND_ALERT,match,71,Synthetic JEEVAN demo activity,2026-10-01,True,synthetic_demo
AUD00144,10,UPDATE_DONOR,inventory,88,Synthetic JEEVAN demo activity,2026-10-01,True,synthetic_demo
AUD00145,17,SEND_ALERT,request,24,Synthetic JEEVAN demo activity,2026-10-01,True,synthetic_demo
AUD00146,10,FULFILL_REQUEST,inventory,57,Synthetic JEEVAN demo activity,2026-10-01,True,synthetic_demo
AUD00147,2,SEND_ALERT,donor,36,Synthetic JEEVAN demo activity,2026-10-01,True,synthetic_demo
AUD00148,20,CREATE_RESERVATION,request,80,Synthetic JEEVAN demo activity,2026-10-01,True,synthetic_demo
AUD00149,17,FULFILL_REQUEST,donor,26,Synthetic JEEVAN demo activity,2026-10-01,True,synthetic_demo
AUD00150,17,UPDATE_INVENTORY,match,27,Synthetic JEEVAN demo activity,2026-10-01,True,synthetic_demo
AUD00151,17,UPDATE_INVENTORY,donor,39,Synthetic JEEVAN demo activity,2026-10-01,True,synthetic_demo
AUD00152,6,CREATE_REQUEST,request,73,Synthetic JEEVAN demo activity,2026-10-01,True,synthetic_demo
AUD00153,20,SEND_ALERT,match,26,Synthetic JEEVAN demo activity,2026-10-01,True,synthetic_demo
AUD00154,20,UPDATE_INVENTORY,donor,21,Synthetic JEEVAN demo activity,2026-10-01,True,synthetic_demo
AUD00155,14,SEND_ALERT,donor,16,Synthetic JEEVAN demo activity,2026-10-01,True,synthetic_demo
AUD00156,6,SEND_ALERT,match,50,Synthetic JEEVAN demo activity,2026-10-01,True,synthetic_demo
AUD00157,9,CREATE_RESERVATION,match,62,Synthetic JEEVAN demo activity,2026-10-01,True,synthetic_demo
AUD00158,11,MATCH_DONOR,request,42,Synthetic JEEVAN demo activity,2026-10-01,True,synthetic_demo
AUD00159,9,SEND_ALERT,request,49,Synthetic JEEVAN demo activity,2026-10-01,True,synthetic_demo
AUD00160,11,MATCH_DONOR,donor,77,Synthetic JEEVAN demo activity,2026-10-01,True,synthetic_demo
AUD00161,3,MATCH_DONOR,reservation,42,Synthetic JEEVAN demo activity,2026-10-01,True,synthetic_demo
AUD00162,10,CREATE_REQUEST,donor,53,Synthetic JEEVAN demo activity,2026-10-01,True,synthetic_demo
AUD00163,10,UPDATE_INVENTORY,reservation,85,Synthetic JEEVAN demo activity,2026-10-01,True,synthetic_demo
AUD00164,12,UPDATE_INVENTORY,request,18,Synthetic JEEVAN demo activity,2026-10-01,True,synthetic_demo
AUD00165,1,FULFILL_REQUEST,reservation,21,Synthetic JEEVAN demo activity,2026-10-01,True,synthetic_demo
AUD00166,19,UPDATE_DONOR,request,52,Synthetic JEEVAN demo activity,2026-10-01,True,synthetic_demo
AUD00167,6,UPDATE_INVENTORY,request,85,Synthetic JEEVAN demo activity,2026-10-01,True,synthetic_demo
AUD00168,13,UPDATE_INVENTORY,reservation,78,Synthetic JEEVAN demo activity,2026-10-01,True,synthetic_demo
AUD00169,19,CREATE_REQUEST,donor,69,Synthetic JEEVAN demo activity,2026-10-01,True,synthetic_demo
AUD00170,5,SEND_ALERT,donor,29,Synthetic JEEVAN demo activity,2026-10-01,True,synthetic_demo
AUD00171,19,UPDATE_DONOR,inventory,47,Synthetic JEEVAN demo activity,2026-10-01,True,synthetic_demo
AUD00172,15,CREATE_REQUEST,request,89,Synthetic JEEVAN demo activity,2026-10-01,True,synthetic_demo
AUD00173,6,FULFILL_REQUEST,inventory,63,Synthetic JEEVAN demo activity,2026-10-01,True,synthetic_demo
AUD00174,20,UPDATE_DONOR,match,60,Synthetic JEEVAN demo activity,2026-10-01,True,synthetic_demo
AUD00175,19,SEND_ALERT,reservation,98,Synthetic JEEVAN demo activity,2026-10-01,True,synthetic_demo
AUD00176,4,MATCH_DONOR,match,89,Synthetic JEEVAN demo activity,2026-10-01,True,synthetic_demo
AUD00177,13,CREATE_REQUEST,donor,37,Synthetic JEEVAN demo activity,2026-10-01,True,synthetic_demo
AUD00178,3,UPDATE_INVENTORY,donor,77,Synthetic JEEVAN demo activity,2026-10-01,True,synthetic_demo
AUD00179,2,SEND_ALERT,inventory,19,Synthetic JEEVAN demo activity,2026-10-01,True,synthetic_demo
AUD00180,6,SEND_ALERT,donor,2,Synthetic JEEVAN demo activity,2026-10-01,True,synthetic_demo
AUD00181,13,FULFILL_REQUEST,reservation,67,Synthetic JEEVAN demo activity,2026-10-01,True,synthetic_demo
AUD00182,4,MATCH_DONOR,inventory,90,Synthetic JEEVAN demo activity,2026-10-01,True,synthetic_demo
AUD00183,3,UPDATE_INVENTORY,inventory,42,Synthetic JEEVAN demo activity,2026-10-01,True,synthetic_demo
AUD00184,4,CREATE_REQUEST,request,38,Synthetic JEEVAN demo activity,2026-10-01,True,synthetic_demo
AUD00185,14,CREATE_REQUEST,request,52,Synthetic JEEVAN demo activity,2026-10-01,True,synthetic_demo
AUD00186,4,CREATE_RESERVATION,match,61,Synthetic JEEVAN demo activity,2026-10-01,True,synthetic_demo
AUD00187,20,CREATE_RESERVATION,match,42,Synthetic JEEVAN demo activity,2026-10-01,True,synthetic_demo
AUD00188,16,UPDATE_INVENTORY,inventory,33,Synthetic JEEVAN demo activity,2026-10-01,True,synthetic_demo
AUD00189,20,CREATE_REQUEST,reservation,28,Synthetic JEEVAN demo activity,2026-10-01,True,synthetic_demo
AUD00190,19,UPDATE_DONOR,request,4,Synthetic JEEVAN demo activity,2026-10-01,True,synthetic_demo
AUD00191,7,FULFILL_REQUEST,donor,86,Synthetic JEEVAN demo activity,2026-10-01,True,synthetic_demo
AUD00192,15,CREATE_RESERVATION,inventory,22,Synthetic JEEVAN demo activity,2026-10-01,True,synthetic_demo
AUD00193,6,FULFILL_REQUEST,donor,68,Synthetic JEEVAN demo activity,2026-10-01,True,synthetic_demo
AUD00194,18,UPDATE_INVENTORY,request,85,Synthetic JEEVAN demo activity,2026-10-01,True,synthetic_demo
AUD00195,11,FULFILL_REQUEST,request,56,Synthetic JEEVAN demo activity,2026-10-01,True,synthetic_demo
AUD00196,11,UPDATE_INVENTORY,match,8,Synthetic JEEVAN demo activity,2026-10-01,True,synthetic_demo
AUD00197,18,UPDATE_DONOR,inventory,91,Synthetic JEEVAN demo activity,2026-10-01,True,synthetic_demo
AUD00198,3,UPDATE_INVENTORY,inventory,45,Synthetic JEEVAN demo activity,2026-10-01,True,synthetic_demo
AUD00199,18,UPDATE_DONOR,match,84,Synthetic JEEVAN demo activity,2026-10-01,True,synthetic_demo
AUD00200,7,UPDATE_INVENTORY,inventory,84,Synthetic JEEVAN demo activity,2026-10-01,True,synthetic_demo
AUD00201,20,SEND_ALERT,donor,79,Synthetic JEEVAN demo activity,2026-10-01,True,synthetic_demo
AUD00202,8,UPDATE_DONOR,request,65,Synthetic JEEVAN demo activity,2026-10-01,True,synthetic_demo
AUD00203,7,UPDATE_DONOR,request,59,Synthetic JEEVAN demo activity,2026-10-01,True,synthetic_demo
AUD00204,20,CREATE_REQUEST,donor,57,Synthetic JEEVAN demo activity,2026-10-01,True,synthetic_demo
AUD00205,4,CREATE_REQUEST,reservation,30,Synthetic JEEVAN demo activity,2026-10-01,True,synthetic_demo
AUD00206,12,MATCH_DONOR,match,68,Synthetic JEEVAN demo activity,2026-10-01,True,synthetic_demo
AUD00207,12,FULFILL_REQUEST,inventory,100,Synthetic JEEVAN demo activity,2026-10-01,True,synthetic_demo
AUD00208,20,FULFILL_REQUEST,request,43,Synthetic JEEVAN demo activity,2026-10-01,True,synthetic_demo
AUD00209,2,CREATE_REQUEST,inventory,71,Synthetic JEEVAN demo activity,2026-10-01,True,synthetic_demo
AUD00210,8,CREATE_RESERVATION,request,68,Synthetic JEEVAN demo activity,2026-10-01,True,synthetic_demo
AUD00211,20,UPDATE_INVENTORY,request,23,Synthetic JEEVAN demo activity,2026-10-01,True,synthetic_demo
AUD00212,10,UPDATE_INVENTORY,reservation,3,Synthetic JEEVAN demo activity,2026-10-01,True,synthetic_demo
AUD00213,10,FULFILL_REQUEST,donor,47,Synthetic JEEVAN demo activity,2026-10-01,True,synthetic_demo
AUD00214,19,CREATE_REQUEST,reservation,87,Synthetic JEEVAN demo activity,2026-10-01,True,synthetic_demo
AUD00215,13,CREATE_RESERVATION,match,76,Synthetic JEEVAN demo activity,2026-10-01,True,synthetic_demo
AUD00216,7,UPDATE_INVENTORY,inventory,9,Synthetic JEEVAN demo activity,2026-10-01,True,synthetic_demo
AUD00217,9,SEND_ALERT,donor,12,Synthetic JEEVAN demo activity,2026-10-01,True,synthetic_demo
AUD00218,6,UPDATE_INVENTORY,inventory,84,Synthetic JEEVAN demo activity,2026-10-01,True,synthetic_demo
AUD00219,16,MATCH_DONOR,donor,12,Synthetic JEEVAN demo activity,2026-10-01,True,synthetic_demo
AUD00220,10,MATCH_DONOR,donor,37,Synthetic JEEVAN demo activity,2026-10-01,True,synthetic_demo
AUD00221,12,CREATE_RESERVATION,reservation,41,Synthetic JEEVAN demo activity,2026-10-01,True,synthetic_demo
AUD00222,17,UPDATE_DONOR,request,6,Synthetic JEEVAN demo activity,2026-10-01,True,synthetic_demo
AUD00223,4,FULFILL_REQUEST,inventory,70,Synthetic JEEVAN demo activity,2026-10-01,True,synthetic_demo
AUD00224,9,CREATE_REQUEST,reservation,8,Synthetic JEEVAN demo activity,2026-10-01,True,synthetic_demo
AUD00225,20,MATCH_DONOR,inventory,65,Synthetic JEEVAN demo activity,2026-10-01,True,synthetic_demo
AUD00226,7,UPDATE_DONOR,match,65,Synthetic JEEVAN demo activity,2026-10-01,True,synthetic_demo
AUD00227,5,UPDATE_DONOR,donor,35,Synthetic JEEVAN demo activity,2026-10-01,True,synthetic_demo
AUD00228,12,SEND_ALERT,request,70,Synthetic JEEVAN demo activity,2026-10-01,True,synthetic_demo
AUD00229,16,CREATE_REQUEST,inventory,21,Synthetic JEEVAN demo activity,2026-10-01,True,synthetic_demo
AUD00230,4,MATCH_DONOR,request,52,Synthetic JEEVAN demo activity,2026-10-01,True,synthetic_demo
AUD00231,9,CREATE_RESERVATION,match,93,Synthetic JEEVAN demo activity,2026-10-01,True,synthetic_demo
AUD00232,14,CREATE_REQUEST,match,60,Synthetic JEEVAN demo activity,2026-10-01,True,synthetic_demo
AUD00233,11,CREATE_RESERVATION,reservation,76,Synthetic JEEVAN demo activity,2026-10-01,True,synthetic_demo
AUD00234,7,UPDATE_INVENTORY,reservation,45,Synthetic JEEVAN demo activity,2026-10-01,True,synthetic_demo
AUD00235,13,CREATE_REQUEST,reservation,79,Synthetic JEEVAN demo activity,2026-10-01,True,synthetic_demo
AUD00236,12,SEND_ALERT,inventory,81,Synthetic JEEVAN demo activity,2026-10-01,True,synthetic_demo
AUD00237,11,MATCH_DONOR,request,100,Synthetic JEEVAN demo activity,2026-10-01,True,synthetic_demo
AUD00238,8,UPDATE_DONOR,match,7,Synthetic JEEVAN demo activity,2026-10-01,True,synthetic_demo
AUD00239,20,SEND_ALERT,inventory,12,Synthetic JEEVAN demo activity,2026-10-01,True,synthetic_demo
AUD00240,7,CREATE_RESERVATION,request,23,Synthetic JEEVAN demo activity,2026-10-01,True,synthetic_demo
AUD00241,15,FULFILL_REQUEST,request,10,Synthetic JEEVAN demo activity,2026-10-01,True,synthetic_demo
AUD00242,20,UPDATE_INVENTORY,reservation,17,Synthetic JEEVAN demo activity,2026-10-01,True,synthetic_demo
AUD00243,13,SEND_ALERT,request,93,Synthetic JEEVAN demo activity,2026-10-01,True,synthetic_demo
AUD00244,12,UPDATE_INVENTORY,reservation,23,Synthetic JEEVAN demo activity,2026-10-01,True,synthetic_demo
AUD00245,5,CREATE_REQUEST,request,24,Synthetic JEEVAN demo activity,2026-10-01,True,synthetic_demo
AUD00246,19,UPDATE_DONOR,match,96,Synthetic JEEVAN demo activity,2026-10-01,True,synthetic_demo
AUD00247,18,UPDATE_INVENTORY,reservation,9,Synthetic JEEVAN demo activity,2026-10-01,True,synthetic_demo
AUD00248,13,MATCH_DONOR,request,83,Synthetic JEEVAN demo activity,2026-10-01,True,synthetic_demo
AUD00249,2,CREATE_REQUEST,match,30,Synthetic JEEVAN demo activity,2026-10-01,True,synthetic_demo
AUD00250,6,SEND_ALERT,match,43,Synthetic JEEVAN demo activity,2026-10-01,True,synthetic_demo
AUD00251,8,CREATE_REQUEST,donor,81,Synthetic JEEVAN demo activity,2026-10-01,True,synthetic_demo
AUD00252,3,CREATE_REQUEST,reservation,58,Synthetic JEEVAN demo activity,2026-10-01,True,synthetic_demo
AUD00253,4,CREATE_RESERVATION,reservation,43,Synthetic JEEVAN demo activity,2026-10-01,True,synthetic_demo
AUD00254,16,UPDATE_DONOR,donor,22,Synthetic JEEVAN demo activity,2026-10-01,True,synthetic_demo
AUD00255,12,CREATE_RESERVATION,reservation,3,Synthetic JEEVAN demo activity,2026-10-01,True,synthetic_demo
AUD00256,17,SEND_ALERT,request,80,Synthetic JEEVAN demo activity,2026-10-01,True,synthetic_demo
AUD00257,9,CREATE_RESERVATION,inventory,45,Synthetic JEEVAN demo activity,2026-10-01,True,synthetic_demo
AUD00258,1,FULFILL_REQUEST,request,6,Synthetic JEEVAN demo activity,2026-10-01,True,synthetic_demo
AUD00259,3,FULFILL_REQUEST,request,67,Synthetic JEEVAN demo activity,2026-10-01,True,synthetic_demo
AUD00260,13,UPDATE_DONOR,reservation,6,Synthetic JEEVAN demo activity,2026-10-01,True,synthetic_demo
AUD00261,3,UPDATE_INVENTORY,match,23,Synthetic JEEVAN demo activity,2026-10-01,True,synthetic_demo
AUD00262,17,MATCH_DONOR,reservation,2,Synthetic JEEVAN demo activity,2026-10-01,True,synthetic_demo
AUD00263,9,UPDATE_DONOR,reservation,77,Synthetic JEEVAN demo activity,2026-10-01,True,synthetic_demo
AUD00264,3,FULFILL_REQUEST,donor,79,Synthetic JEEVAN demo activity,2026-10-01,True,synthetic_demo
AUD00265,18,FULFILL_REQUEST,inventory,90,Synthetic JEEVAN demo activity,2026-10-01,True,synthetic_demo
AUD00266,15,UPDATE_INVENTORY,inventory,99,Synthetic JEEVAN demo activity,2026-10-01,True,synthetic_demo
AUD00267,16,CREATE_REQUEST,reservation,29,Synthetic JEEVAN demo activity,2026-10-01,True,synthetic_demo
AUD00268,19,MATCH_DONOR,donor,45,Synthetic JEEVAN demo activity,2026-10-01,True,synthetic_demo
AUD00269,7,UPDATE_INVENTORY,reservation,44,Synthetic JEEVAN demo activity,2026-10-01,True,synthetic_demo
AUD00270,6,CREATE_REQUEST,match,24,Synthetic JEEVAN demo activity,2026-10-01,True,synthetic_demo
AUD00271,15,SEND_ALERT,reservation,10,Synthetic JEEVAN demo activity,2026-10-01,True,synthetic_demo
AUD00272,12,CREATE_RESERVATION,match,95,Synthetic JEEVAN demo activity,2026-10-01,True,synthetic_demo
AUD00273,19,UPDATE_DONOR,request,52,Synthetic JEEVAN demo activity,2026-10-01,True,synthetic_demo
AUD00274,3,CREATE_RESERVATION,reservation,10,Synthetic JEEVAN demo activity,2026-10-01,True,synthetic_demo
AUD00275,15,FULFILL_REQUEST,request,51,Synthetic JEEVAN demo activity,2026-10-01,True,synthetic_demo
AUD00276,1,SEND_ALERT,reservation,28,Synthetic JEEVAN demo activity,2026-10-01,True,synthetic_demo
AUD00277,8,CREATE_RESERVATION,request,64,Synthetic JEEVAN demo activity,2026-10-01,True,synthetic_demo
AUD00278,4,CREATE_RESERVATION,request,97,Synthetic JEEVAN demo activity,2026-10-01,True,synthetic_demo
AUD00279,13,CREATE_RESERVATION,match,13,Synthetic JEEVAN demo activity,2026-10-01,True,synthetic_demo
AUD00280,4,MATCH_DONOR,request,22,Synthetic JEEVAN demo activity,2026-10-01,True,synthetic_demo
AUD00281,8,UPDATE_INVENTORY,request,62,Synthetic JEEVAN demo activity,2026-10-01,True,synthetic_demo
AUD00282,20,SEND_ALERT,match,4,Synthetic JEEVAN demo activity,2026-10-01,True,synthetic_demo
AUD00283,9,UPDATE_DONOR,request,91,Synthetic JEEVAN demo activity,2026-10-01,True,synthetic_demo
AUD00284,2,MATCH_DONOR,reservation,13,Synthetic JEEVAN demo activity,2026-10-01,True,synthetic_demo
AUD00285,4,CREATE_RESERVATION,donor,64,Synthetic JEEVAN demo activity,2026-10-01,True,synthetic_demo
AUD00286,20,CREATE_RESERVATION,donor,92,Synthetic JEEVAN demo activity,2026-10-01,True,synthetic_demo
AUD00287,6,FULFILL_REQUEST,inventory,98,Synthetic JEEVAN demo activity,2026-10-01,True,synthetic_demo
AUD00288,4,FULFILL_REQUEST,request,65,Synthetic JEEVAN demo activity,2026-10-01,True,synthetic_demo
AUD00289,16,FULFILL_REQUEST,inventory,82,Synthetic JEEVAN demo activity,2026-10-01,True,synthetic_demo
AUD00290,8,FULFILL_REQUEST,inventory,85,Synthetic JEEVAN demo activity,2026-10-01,True,synthetic_demo
AUD00291,10,CREATE_REQUEST,match,56,Synthetic JEEVAN demo activity,2026-10-01,True,synthetic_demo
AUD00292,16,CREATE_REQUEST,match,38,Synthetic JEEVAN demo activity,2026-10-01,True,synthetic_demo
AUD00293,10,MATCH_DONOR,reservation,22,Synthetic JEEVAN demo activity,2026-10-01,True,synthetic_demo
AUD00294,11,CREATE_REQUEST,match,8,Synthetic JEEVAN demo activity,2026-10-01,True,synthetic_demo
AUD00295,8,FULFILL_REQUEST,request,16,Synthetic JEEVAN demo activity,2026-10-01,True,synthetic_demo
AUD00296,11,UPDATE_INVENTORY,donor,83,Synthetic JEEVAN demo activity,2026-10-01,True,synthetic_demo
AUD00297,6,SEND_ALERT,donor,52,Synthetic JEEVAN demo activity,2026-10-01,True,synthetic_demo
AUD00298,5,UPDATE_INVENTORY,reservation,36,Synthetic JEEVAN demo activity,2026-10-01,True,synthetic_demo
AUD00299,12,MATCH_DONOR,reservation,19,Synthetic JEEVAN demo activity,2026-10-01,True,synthetic_demo
AUD00300,17,CREATE_RESERVATION,match,37,Synthetic JEEVAN demo activity,2026-10-01,True,synthetic_demo
