alert_id,donor_id,request_id,message,status,sent_at,synthetic,source
ALERT00001,DON00179,REQ00039,Urgent B- blood requirement near Thrissur.,acknowledged,2026-10-01,True,synthetic_demo
ALERT00002,DON00279,REQ00056,Urgent A+ blood requirement near Thrissur.,pending,2026-10-01,True,synthetic_demo
ALERT00003,DON00102,REQ00046,Urgent B+ blood requirement near Thrissur.,acknowledged,2026-10-01,True,synthetic_demo
ALERT00004,DON00156,REQ00057,Urgent A- blood requirement near Thrissur.,pending,2026-10-01,True,synthetic_demo
ALERT00005,DON00177,REQ00013,Urgent AB+ blood requirement near Thrissur.,acknowledged,2026-10-01,True,synthetic_demo
ALERT00006,DON00093,REQ00023,Urgent O+ blood requirement near Thrissur.,acknowledged,2026-10-01,True,synthetic_demo
ALERT00007,DON00166,REQ00030,Urgent AB- blood requirement near Thrissur.,acknowledged,2026-10-01,True,synthetic_demo
ALERT00008,DON00262,REQ00048,Urgent O+ blood requirement near Thrissur.,sent,2026-10-01,True,synthetic_demo
ALERT00009,DON00280,REQ00041,Urgent A- blood requirement near Thrissur.,pending,2026-10-01,True,synthetic_demo
ALERT00010,DON00052,REQ00015,Urgent O+ blood requirement near Thrissur.,acknowledged,2026-10-01,True,synthetic_demo
ALERT00011,DON00096,REQ00040,Urgent A- blood requirement near Thrissur.,sent,2026-10-01,True,synthetic_demo
ALERT00012,DON00096,REQ00032,Urgent A- blood requirement near Thrissur.,acknowledged,2026-10-01,True,synthetic_demo
ALERT00013,DON00224,REQ00072,Urgent O+ blood requirement near Thrissur.,sent,2026-10-01,True,synthetic_demo
ALERT00014,DON00033,REQ00019,Urgent AB- blood requirement near Thrissur.,sent,2026-10-01,True,synthetic_demo
ALERT00015,DON00035,REQ00051,Urgent AB- blood requirement near Thrissur.,pending,2026-10-01,True,synthetic_demo
ALERT00016,DON00294,REQ00024,Urgent AB+ blood requirement near Thrissur.,acknowledged,2026-10-01,True,synthetic_demo
ALERT00017,DON00186,REQ00076,Urgent B+ blood requirement near Thrissur.,acknowledged,2026-10-01,True,synthetic_demo
ALERT00018,DON00052,REQ00030,Urgent AB- blood requirement near Thrissur.,sent,2026-10-01,True,synthetic_demo
ALERT00019,DON00271,REQ00071,Urgent O+ blood requirement near Thrissur.,sent,2026-10-01,True,synthetic_demo
ALERT00020,DON00035,REQ00077,Urgent B- blood requirement near Thrissur.,pending,2026-10-01,True,synthetic_demo
ALERT00021,DON00046,REQ00003,Urgent O+ blood requirement near Thrissur.,pending,2026-10-01,True,synthetic_demo
ALERT00022,DON00143,REQ00007,Urgent O+ blood requirement near Thrissur.,pending,2026-10-01,True,synthetic_demo
ALERT00023,DON00297,REQ00050,Urgent O+ blood requirement near Thrissur.,pending,2026-10-01,True,synthetic_demo
ALERT00024,DON00144,REQ00062,Urgent B- blood requirement near Thrissur.,pending,2026-10-01,True,synthetic_demo
ALERT00025,DON00187,REQ00089,Urgent A+ blood requirement near Thrissur.,sent,2026-10-01,True,synthetic_demo
ALERT00026,DON00081,REQ00070,Urgent O+ blood requirement near Thrissur.,pending,2026-10-01,True,synthetic_demo
ALERT00027,DON00161,REQ00049,Urgent A- blood requirement near Thrissur.,acknowledged,2026-10-01,True,synthetic_demo
ALERT00028,DON00025,REQ00053,Urgent B- blood requirement near Thrissur.,pending,2026-10-01,True,synthetic_demo
ALERT00029,DON00100,REQ00014,Urgent AB- blood requirement near Thrissur.,sent,2026-10-01,True,synthetic_demo
ALERT00030,DON00143,REQ00075,Urgent O- blood requirement near Thrissur.,sent,2026-10-01,True,synthetic_demo
ALERT00031,DON00204,REQ00021,Urgent AB- blood requirement near Thrissur.,pending,2026-10-01,True,synthetic_demo
ALERT00032,DON00197,REQ00083,Urgent O- blood requirement near Thrissur.,sent,2026-10-01,True,synthetic_demo
ALERT00033,DON00249,REQ00065,Urgent B+ blood requirement near Thrissur.,acknowledged,2026-10-01,True,synthetic_demo
ALERT00034,DON00081,REQ00003,Urgent O+ blood requirement near Thrissur.,acknowledged,2026-10-01,True,synthetic_demo
ALERT00035,DON00088,REQ00073,Urgent B- blood requirement near Thrissur.,sent,2026-10-01,True,synthetic_demo
ALERT00036,DON00177,REQ00040,Urgent A- blood requirement near Thrissur.,sent,2026-10-01,True,synthetic_demo
ALERT00037,DON00205,REQ00047,Urgent AB+ blood requirement near Thrissur.,acknowledged,2026-10-01,True,synthetic_demo
ALERT00038,DON00285,REQ00027,Urgent A+ blood requirement near Thrissur.,sent,2026-10-01,True,synthetic_demo
ALERT00039,DON00166,REQ00066,Urgent B- blood requirement near Thrissur.,sent,2026-10-01,True,synthetic_demo
ALERT00040,DON00251,REQ00024,Urgent AB+ blood requirement near Thrissur.,sent,2026-10-01,True,synthetic_demo
ALERT00041,DON00206,REQ00066,Urgent B- blood requirement near Thrissur.,acknowledged,2026-10-01,True,synthetic_demo
ALERT00042,DON00199,REQ00015,Urgent O+ blood requirement near Thrissur.,acknowledged,2026-10-01,True,synthetic_demo
ALERT00043,DON00293,REQ00042,Urgent AB- blood requirement near Thrissur.,sent,2026-10-01,True,synthetic_demo
ALERT00044,DON00177,REQ00012,Urgent B- blood requirement near Thrissur.,sent,2026-10-01,True,synthetic_demo
ALERT00045,DON00009,REQ00087,Urgent A- blood requirement near Thrissur.,acknowledged,2026-10-01,True,synthetic_demo
ALERT00046,DON00211,REQ00089,Urgent A+ blood requirement near Thrissur.,acknowledged,2026-10-01,True,synthetic_demo
ALERT00047,DON00230,REQ00083,Urgent O- blood requirement near Thrissur.,acknowledged,2026-10-01,True,synthetic_demo
ALERT00048,DON00232,REQ00026,Urgent B- blood requirement near Thrissur.,pending,2026-10-01,True,synthetic_demo
ALERT00049,DON00120,REQ00084,Urgent B+ blood requirement near Thrissur.,sent,2026-10-01,True,synthetic_demo
ALERT00050,DON00029,REQ00070,Urgent O+ blood requirement near Thrissur.,sent,2026-10-01,True,synthetic_demo
ALERT00051,DON00245,REQ00027,Urgent A+ blood requirement near Thrissur.,sent,2026-10-01,True,synthetic_demo
ALERT00052,DON00138,REQ00076,Urgent B+ blood requirement near Thrissur.,sent,2026-10-01,True,synthetic_demo
ALERT00053,DON00110,REQ00015,Urgent O+ blood requirement near Thrissur.,pending,2026-10-01,True,synthetic_demo
ALERT00054,DON00244,REQ00086,Urgent B- blood requirement near Thrissur.,pending,2026-10-01,True,synthetic_demo
ALERT00055,DON00145,REQ00095,Urgent O- blood requirement near Thrissur.,pending,2026-10-01,True,synthetic_demo
ALERT00056,DON00117,REQ00041,Urgent A- blood requirement near Thrissur.,pending,2026-10-01,True,synthetic_demo
ALERT00057,DON00012,REQ00032,Urgent A- blood requirement near Thrissur.,pending,2026-10-01,True,synthetic_demo
ALERT00058,DON00113,REQ00056,Urgent A+ blood requirement near Thrissur.,acknowledged,2026-10-01,True,synthetic_demo
ALERT00059,DON00281,REQ00013,Urgent AB+ blood requirement near Thrissur.,sent,2026-10-01,True,synthetic_demo
ALERT00060,DON00008,REQ00050,Urgent O+ blood requirement near Thrissur.,acknowledged,2026-10-01,True,synthetic_demo
ALERT00061,DON00289,REQ00077,Urgent B- blood requirement near Thrissur.,sent,2026-10-01,True,synthetic_demo
ALERT00062,DON00254,REQ00093,Urgent O- blood requirement near Thrissur.,acknowledged,2026-10-01,True,synthetic_demo
ALERT00063,DON00191,REQ00081,Urgent A+ blood requirement near Thrissur.,pending,2026-10-01,True,synthetic_demo
ALERT00064,DON00225,REQ00004,Urgent O+ blood requirement near Thrissur.,pending,2026-10-01,True,synthetic_demo
ALERT00065,DON00238,REQ00022,Urgent AB+ blood requirement near Thrissur.,sent,2026-10-01,True,synthetic_demo
ALERT00066,DON00042,REQ00079,Urgent O+ blood requirement near Thrissur.,sent,2026-10-01,True,synthetic_demo
ALERT00067,DON00001,REQ00016,Urgent O+ blood requirement near Thrissur.,acknowledged,2026-10-01,True,synthetic_demo
ALERT00068,DON00147,REQ00054,Urgent B+ blood requirement near Thrissur.,pending,2026-10-01,True,synthetic_demo
ALERT00069,DON00209,REQ00011,Urgent A+ blood requirement near Thrissur.,sent,2026-10-01,True,synthetic_demo
ALERT00070,DON00228,REQ00073,Urgent B- blood requirement near Thrissur.,sent,2026-10-01,True,synthetic_demo
ALERT00071,DON00139,REQ00092,Urgent A+ blood requirement near Thrissur.,acknowledged,2026-10-01,True,synthetic_demo
ALERT00072,DON00045,REQ00019,Urgent AB- blood requirement near Thrissur.,acknowledged,2026-10-01,True,synthetic_demo
ALERT00073,DON00045,REQ00019,Urgent AB- blood requirement near Thrissur.,pending,2026-10-01,True,synthetic_demo
ALERT00074,DON00131,REQ00034,Urgent A- blood requirement near Thrissur.,sent,2026-10-01,True,synthetic_demo
ALERT00075,DON00106,REQ00046,Urgent B+ blood requirement near Thrissur.,acknowledged,2026-10-01,True,synthetic_demo
ALERT00076,DON00143,REQ00025,Urgent A+ blood requirement near Thrissur.,acknowledged,2026-10-01,True,synthetic_demo
ALERT00077,DON00052,REQ00063,Urgent AB- blood requirement near Thrissur.,acknowledged,2026-10-01,True,synthetic_demo
ALERT00078,DON00169,REQ00045,Urgent B- blood requirement near Thrissur.,acknowledged,2026-10-01,True,synthetic_demo
ALERT00079,DON00076,REQ00074,Urgent A+ blood requirement near Thrissur.,acknowledged,2026-10-01,True,synthetic_demo
ALERT00080,DON00047,REQ00079,Urgent O+ blood requirement near Thrissur.,sent,2026-10-01,True,synthetic_demo
ALERT00081,DON00235,REQ00005,Urgent O+ blood requirement near Thrissur.,acknowledged,2026-10-01,True,synthetic_demo
ALERT00082,DON00123,REQ00085,Urgent A- blood requirement near Thrissur.,acknowledged,2026-10-01,True,synthetic_demo
ALERT00083,DON00262,REQ00027,Urgent A+ blood requirement near Thrissur.,acknowledged,2026-10-01,True,synthetic_demo
ALERT00084,DON00048,REQ00033,Urgent O- blood requirement near Thrissur.,pending,2026-10-01,True,synthetic_demo
ALERT00085,DON00154,REQ00018,Urgent A+ blood requirement near Thrissur.,acknowledged,2026-10-01,True,synthetic_demo
ALERT00086,DON00244,REQ00069,Urgent A- blood requirement near Thrissur.,acknowledged,2026-10-01,True,synthetic_demo
ALERT00087,DON00025,REQ00095,Urgent O- blood requirement near Thrissur.,sent,2026-10-01,True,synthetic_demo
ALERT00088,DON00101,REQ00078,Urgent B- blood requirement near Thrissur.,sent,2026-10-01,True,synthetic_demo
ALERT00089,DON00076,REQ00096,Urgent AB+ blood requirement near Thrissur.,acknowledged,2026-10-01,True,synthetic_demo
ALERT00090,DON00134,REQ00061,Urgent O+ blood requirement near Thrissur.,acknowledged,2026-10-01,True,synthetic_demo
ALERT00091,DON00252,REQ00028,Urgent AB- blood requirement near Thrissur.,acknowledged,2026-10-01,True,synthetic_demo
ALERT00092,DON00202,REQ00017,Urgent O- blood requirement near Thrissur.,sent,2026-10-01,True,synthetic_demo
ALERT00093,DON00139,REQ00086,Urgent B- blood requirement near Thrissur.,acknowledged,2026-10-01,True,synthetic_demo
ALERT00094,DON00125,REQ00079,Urgent O+ blood requirement near Thrissur.,pending,2026-10-01,True,synthetic_demo
ALERT00095,DON00147,REQ00002,Urgent B- blood requirement near Thrissur.,acknowledged,2026-10-01,True,synthetic_demo
ALERT00096,DON00205,REQ00004,Urgent O+ blood requirement near Thrissur.,sent,2026-10-01,True,synthetic_demo
ALERT00097,DON00205,REQ00071,Urgent O+ blood requirement near Thrissur.,pending,2026-10-01,True,synthetic_demo
ALERT00098,DON00252,REQ00071,Urgent O+ blood requirement near Thrissur.,sent,2026-10-01,True,synthetic_demo
ALERT00099,DON00195,REQ00072,Urgent O+ blood requirement near Thrissur.,pending,2026-10-01,True,synthetic_demo
ALERT00100,DON00106,REQ00019,Urgent AB- blood requirement near Thrissur.,acknowledged,2026-10-01,True,synthetic_demo
ALERT00101,DON00252,REQ00017,Urgent O- blood requirement near Thrissur.,sent,2026-10-01,True,synthetic_demo
ALERT00102,DON00125,REQ00051,Urgent AB- blood requirement near Thrissur.,pending,2026-10-01,True,synthetic_demo
ALERT00103,DON00283,REQ00032,Urgent A- blood requirement near Thrissur.,sent,2026-10-01,True,synthetic_demo
ALERT00104,DON00270,REQ00082,Urgent AB- blood requirement near Thrissur.,acknowledged,2026-10-01,True,synthetic_demo
ALERT00105,DON00270,REQ00080,Urgent B+ blood requirement near Thrissur.,pending,2026-10-01,True,synthetic_demo
ALERT00106,DON00057,REQ00020,Urgent O- blood requirement near Thrissur.,sent,2026-10-01,True,synthetic_demo
ALERT00107,DON00162,REQ00044,Urgent O- blood requirement near Thrissur.,acknowledged,2026-10-01,True,synthetic_demo
ALERT00108,DON00294,REQ00076,Urgent B+ blood requirement near Thrissur.,acknowledged,2026-10-01,True,synthetic_demo
ALERT00109,DON00197,REQ00032,Urgent A- blood requirement near Thrissur.,acknowledged,2026-10-01,True,synthetic_demo
ALERT00110,DON00069,REQ00007,Urgent O+ blood requirement near Thrissur.,acknowledged,2026-10-01,True,synthetic_demo
ALERT00111,DON00024,REQ00053,Urgent B- blood requirement near Thrissur.,pending,2026-10-01,True,synthetic_demo
ALERT00112,DON00207,REQ00052,Urgent AB- blood requirement near Thrissur.,acknowledged,2026-10-01,True,synthetic_demo
ALERT00113,DON00191,REQ00038,Urgent B+ blood requirement near Thrissur.,acknowledged,2026-10-01,True,synthetic_demo
ALERT00114,DON00092,REQ00059,Urgent B- blood requirement near Thrissur.,acknowledged,2026-10-01,True,synthetic_demo
ALERT00115,DON00116,REQ00056,Urgent A+ blood requirement near Thrissur.,pending,2026-10-01,True,synthetic_demo
ALERT00116,DON00035,REQ00005,Urgent O+ blood requirement near Thrissur.,acknowledged,2026-10-01,True,synthetic_demo
ALERT00117,DON00116,REQ00087,Urgent A- blood requirement near Thrissur.,acknowledged,2026-10-01,True,synthetic_demo
ALERT00118,DON00182,REQ00001,Urgent A- blood requirement near Thrissur.,acknowledged,2026-10-01,True,synthetic_demo
ALERT00119,DON00034,REQ00007,Urgent O+ blood requirement near Thrissur.,acknowledged,2026-10-01,True,synthetic_demo
ALERT00120,DON00204,REQ00068,Urgent B- blood requirement near Thrissur.,acknowledged,2026-10-01,True,synthetic_demo
ALERT00121,DON00080,REQ00009,Urgent O- blood requirement near Thrissur.,sent,2026-10-01,True,synthetic_demo
ALERT00122,DON00105,REQ00046,Urgent B+ blood requirement near Thrissur.,acknowledged,2026-10-01,True,synthetic_demo
ALERT00123,DON00240,REQ00019,Urgent AB- blood requirement near Thrissur.,pending,2026-10-01,True,synthetic_demo
ALERT00124,DON00122,REQ00001,Urgent A- blood requirement near Thrissur.,acknowledged,2026-10-01,True,synthetic_demo
ALERT00125,DON00055,REQ00090,Urgent B+ blood requirement near Thrissur.,pending,2026-10-01,True,synthetic_demo
ALERT00126,DON00125,REQ00065,Urgent B+ blood requirement near Thrissur.,pending,2026-10-01,True,synthetic_demo
ALERT00127,DON00059,REQ00081,Urgent A+ blood requirement near Thrissur.,acknowledged,2026-10-01,True,synthetic_demo
ALERT00128,DON00047,REQ00079,Urgent O+ blood requirement near Thrissur.,acknowledged,2026-10-01,True,synthetic_demo
ALERT00129,DON00212,REQ00090,Urgent B+ blood requirement near Thrissur.,pending,2026-10-01,True,synthetic_demo
ALERT00130,DON00018,REQ00020,Urgent O- blood requirement near Thrissur.,pending,2026-10-01,True,synthetic_demo
ALERT00131,DON00153,REQ00002,Urgent B- blood requirement near Thrissur.,acknowledged,2026-10-01,True,synthetic_demo
ALERT00132,DON00299,REQ00042,Urgent AB- blood requirement near Thrissur.,sent,2026-10-01,True,synthetic_demo
ALERT00133,DON00272,REQ00074,Urgent A+ blood requirement near Thrissur.,acknowledged,2026-10-01,True,synthetic_demo
ALERT00134,DON00223,REQ00014,Urgent AB- blood requirement near Thrissur.,sent,2026-10-01,True,synthetic_demo
ALERT00135,DON00020,REQ00056,Urgent A+ blood requirement near Thrissur.,sent,2026-10-01,True,synthetic_demo
ALERT00136,DON00071,REQ00028,Urgent AB- blood requirement near Thrissur.,sent,2026-10-01,True,synthetic_demo
ALERT00137,DON00057,REQ00015,Urgent O+ blood requirement near Thrissur.,sent,2026-10-01,True,synthetic_demo
ALERT00138,DON00071,REQ00006,Urgent O- blood requirement near Thrissur.,acknowledged,2026-10-01,True,synthetic_demo
ALERT00139,DON00035,REQ00024,Urgent AB+ blood requirement near Thrissur.,pending,2026-10-01,True,synthetic_demo
ALERT00140,DON00113,REQ00084,Urgent B+ blood requirement near Thrissur.,acknowledged,2026-10-01,True,synthetic_demo
ALERT00141,DON00211,REQ00005,Urgent O+ blood requirement near Thrissur.,sent,2026-10-01,True,synthetic_demo
ALERT00142,DON00079,REQ00051,Urgent AB- blood requirement near Thrissur.,sent,2026-10-01,True,synthetic_demo
ALERT00143,DON00037,REQ00067,Urgent A+ blood requirement near Thrissur.,pending,2026-10-01,True,synthetic_demo
ALERT00144,DON00069,REQ00042,Urgent AB- blood requirement near Thrissur.,sent,2026-10-01,True,synthetic_demo
ALERT00145,DON00212,REQ00021,Urgent AB- blood requirement near Thrissur.,acknowledged,2026-10-01,True,synthetic_demo
ALERT00146,DON00211,REQ00016,Urgent O+ blood requirement near Thrissur.,acknowledged,2026-10-01,True,synthetic_demo
ALERT00147,DON00259,REQ00082,Urgent AB- blood requirement near Thrissur.,pending,2026-10-01,True,synthetic_demo
ALERT00148,DON00295,REQ00036,Urgent A- blood requirement near Thrissur.,acknowledged,2026-10-01,True,synthetic_demo
ALERT00149,DON00259,REQ00098,Urgent AB- blood requirement near Thrissur.,acknowledged,2026-10-01,True,synthetic_demo
ALERT00150,DON00259,REQ00064,Urgent A+ blood requirement near Thrissur.,acknowledged,2026-10-01,True,synthetic_demo
ALERT00151,DON00283,REQ00048,Urgent O+ blood requirement near Thrissur.,pending,2026-10-01,True,synthetic_demo
ALERT00152,DON00249,REQ00060,Urgent AB- blood requirement near Thrissur.,pending,2026-10-01,True,synthetic_demo
ALERT00153,DON00227,REQ00076,Urgent B+ blood requirement near Thrissur.,acknowledged,2026-10-01,True,synthetic_demo
ALERT00154,DON00045,REQ00061,Urgent O+ blood requirement near Thrissur.,pending,2026-10-01,True,synthetic_demo
ALERT00155,DON00020,REQ00073,Urgent B- blood requirement near Thrissur.,acknowledged,2026-10-01,True,synthetic_demo
ALERT00156,DON00237,REQ00080,Urgent B+ blood requirement near Thrissur.,acknowledged,2026-10-01,True,synthetic_demo
ALERT00157,DON00251,REQ00044,Urgent O- blood requirement near Thrissur.,pending,2026-10-01,True,synthetic_demo
ALERT00158,DON00165,REQ00085,Urgent A- blood requirement near Thrissur.,sent,2026-10-01,True,synthetic_demo
ALERT00159,DON00251,REQ00035,Urgent O- blood requirement near Thrissur.,acknowledged,2026-10-01,True,synthetic_demo
ALERT00160,DON00156,REQ00043,Urgent AB- blood requirement near Thrissur.,acknowledged,2026-10-01,True,synthetic_demo
ALERT00161,DON00105,REQ00002,Urgent B- blood requirement near Thrissur.,acknowledged,2026-10-01,True,synthetic_demo
ALERT00162,DON00134,REQ00082,Urgent AB- blood requirement near Thrissur.,acknowledged,2026-10-01,True,synthetic_demo
ALERT00163,DON00090,REQ00058,Urgent O- blood requirement near Thrissur.,sent,2026-10-01,True,synthetic_demo
ALERT00164,DON00094,REQ00052,Urgent AB- blood requirement near Thrissur.,sent,2026-10-01,True,synthetic_demo
ALERT00165,DON00242,REQ00006,Urgent O- blood requirement near Thrissur.,sent,2026-10-01,True,synthetic_demo
ALERT00166,DON00228,REQ00037,Urgent B+ blood requirement near Thrissur.,acknowledged,2026-10-01,True,synthetic_demo
ALERT00167,DON00260,REQ00030,Urgent AB- blood requirement near Thrissur.,acknowledged,2026-10-01,True,synthetic_demo
ALERT00168,DON00099,REQ00021,Urgent AB- blood requirement near Thrissur.,acknowledged,2026-10-01,True,synthetic_demo
ALERT00169,DON00008,REQ00043,Urgent AB- blood requirement near Thrissur.,acknowledged,2026-10-01,True,synthetic_demo
ALERT00170,DON00115,REQ00069,Urgent A- blood requirement near Thrissur.,acknowledged,2026-10-01,True,synthetic_demo
ALERT00171,DON00170,REQ00028,Urgent AB- blood requirement near Thrissur.,acknowledged,2026-10-01,True,synthetic_demo
ALERT00172,DON00070,REQ00052,Urgent AB- blood requirement near Thrissur.,sent,2026-10-01,True,synthetic_demo
ALERT00173,DON00110,REQ00028,Urgent AB- blood requirement near Thrissur.,acknowledged,2026-10-01,True,synthetic_demo
ALERT00174,DON00149,REQ00075,Urgent O- blood requirement near Thrissur.,acknowledged,2026-10-01,True,synthetic_demo
ALERT00175,DON00220,REQ00008,Urgent A+ blood requirement near Thrissur.,sent,2026-10-01,True,synthetic_demo
ALERT00176,DON00109,REQ00041,Urgent A- blood requirement near Thrissur.,acknowledged,2026-10-01,True,synthetic_demo
ALERT00177,DON00261,REQ00052,Urgent AB- blood requirement near Thrissur.,sent,2026-10-01,True,synthetic_demo
ALERT00178,DON00001,REQ00008,Urgent A+ blood requirement near Thrissur.,pending,2026-10-01,True,synthetic_demo
ALERT00179,DON00113,REQ00010,Urgent AB- blood requirement near Thrissur.,acknowledged,2026-10-01,True,synthetic_demo
ALERT00180,DON00259,REQ00058,Urgent O- blood requirement near Thrissur.,acknowledged,2026-10-01,True,synthetic_demo
ALERT00181,DON00132,REQ00057,Urgent A- blood requirement near Thrissur.,sent,2026-10-01,True,synthetic_demo
ALERT00182,DON00202,REQ00072,Urgent O+ blood requirement near Thrissur.,sent,2026-10-01,True,synthetic_demo
ALERT00183,DON00140,REQ00004,Urgent O+ blood requirement near Thrissur.,acknowledged,2026-10-01,True,synthetic_demo
ALERT00184,DON00093,REQ00067,Urgent A+ blood requirement near Thrissur.,acknowledged,2026-10-01,True,synthetic_demo
ALERT00185,DON00276,REQ00078,Urgent B- blood requirement near Thrissur.,sent,2026-10-01,True,synthetic_demo
ALERT00186,DON00078,REQ00022,Urgent AB+ blood requirement near Thrissur.,acknowledged,2026-10-01,True,synthetic_demo
ALERT00187,DON00150,REQ00078,Urgent B- blood requirement near Thrissur.,pending,2026-10-01,True,synthetic_demo
ALERT00188,DON00202,REQ00027,Urgent A+ blood requirement near Thrissur.,sent,2026-10-01,True,synthetic_demo
ALERT00189,DON00043,REQ00071,Urgent O+ blood requirement near Thrissur.,sent,2026-10-01,True,synthetic_demo
ALERT00190,DON00121,REQ00020,Urgent O- blood requirement near Thrissur.,sent,2026-10-01,True,synthetic_demo
ALERT00191,DON00049,REQ00018,Urgent A+ blood requirement near Thrissur.,acknowledged,2026-10-01,True,synthetic_demo
ALERT00192,DON00129,REQ00078,Urgent B- blood requirement near Thrissur.,sent,2026-10-01,True,synthetic_demo
ALERT00193,DON00032,REQ00052,Urgent AB- blood requirement near Thrissur.,acknowledged,2026-10-01,True,synthetic_demo
ALERT00194,DON00138,REQ00009,Urgent O- blood requirement near Thrissur.,pending,2026-10-01,True,synthetic_demo
ALERT00195,DON00207,REQ00094,Urgent O- blood requirement near Thrissur.,sent,2026-10-01,True,synthetic_demo
ALERT00196,DON00083,REQ00052,Urgent AB- blood requirement near Thrissur.,pending,2026-10-01,True,synthetic_demo
ALERT00197,DON00214,REQ00082,Urgent AB- blood requirement near Thrissur.,acknowledged,2026-10-01,True,synthetic_demo
ALERT00198,DON00139,REQ00075,Urgent O- blood requirement near Thrissur.,acknowledged,2026-10-01,True,synthetic_demo
ALERT00199,DON00201,REQ00053,Urgent B- blood requirement near Thrissur.,sent,2026-10-01,True,synthetic_demo
ALERT00200,DON00127,REQ00055,Urgent AB+ blood requirement near Thrissur.,pending,2026-10-01,True,synthetic_demo
