donor_id,donor_code,name,blood_group,phone,email,latitude,longitude,last_donation_date,donation_count,response_rate,eligible,synthetic,source
DON00001,JEEVAN-D-00001,Ekani Parsa,AB-,9933428824,donor1@jeevan-demo.local,10.262968,76.154033,2026-08-19,4,66.25,True,True,synthetic_demo
DON00002,JEEVAN-D-00002,Jeet Doctor,O-,9861773925,donor2@jeevan-demo.local,10.65567,76.157065,2026-05-16,11,37.02,True,True,synthetic_demo
DON00003,JEEVAN-D-00003,Faras Deshpande,A+,9003004880,donor3@jeevan-demo.local,10.355213,76.287181,2026-08-14,6,72.69,False,True,synthetic_demo
DON00004,JEEVAN-D-00004,Rachit Shere,A+,9264415133,donor4@jeevan-demo.local,10.189784,76.205232,2026-04-13,8,85.58,True,True,synthetic_demo
DON00005,JEEVAN-D-00005,Tanay Oak,O-,9098863968,donor5@jeevan-demo.local,10.703083,76.485084,2026-08-30,7,63.52,True,True,synthetic_demo
DON00006,JEEVAN-D-00006,Amrita Kumar,B-,9651359815,donor6@jeevan-demo.local,10.616861,76.438482,2026-08-25,10,78.2,True,True,synthetic_demo
DON00007,JEEVAN-D-00007,Samar Munshi,O+,9047219571,donor7@jeevan-demo.local,10.377016,76.355058,2025-10-26,3,69.53,False,True,synthetic_demo
DON00008,JEEVAN-D-00008,Vihaan Kothari,AB-,9561812977,donor8@jeevan-demo.local,10.535585,76.229237,2025-11-03,11,65.89,False,True,synthetic_demo
DON00009,JEEVAN-D-00009,Varsha Sethi,O+,9774025119,donor9@jeevan-demo.local,10.441546,76.535276,2026-04-10,5,90.37,True,True,synthetic_demo
DON00010,JEEVAN-D-00010,Jagvi Rama,B-,9268117856,donor10@jeevan-demo.local,10.49684,75.929734,2026-04-15,3,53.54,True,True,synthetic_demo
DON00011,JEEVAN-D-00011,Shivani Ramachandran,A-,9476993772,donor11@jeevan-demo.local,10.750734,76.436662,2025-05-31,1,51.43,True,True,synthetic_demo
DON00012,JEEVAN-D-00012,Jason Chokshi,AB+,9726901437,donor12@jeevan-demo.local,10.453364,76.525545,2026-08-04,12,76.02,True,True,synthetic_demo
DON00013,JEEVAN-D-00013,Lakshmi Goda,O-,9465764999,donor13@jeevan-demo.local,10.283868,76.119183,2026-03-02,8,76.34,True,True,synthetic_demo
DON00014,JEEVAN-D-00014,Peter Vora,A-,9143679810,donor14@jeevan-demo.local,10.346609,75.977262,2026-05-12,2,93.12,True,True,synthetic_demo
DON00015,JEEVAN-D-00015,Chatura Sunder,A+,9588809665,donor15@jeevan-demo.local,10.803313,76.357424,2026-09-07,1,87.62,False,True,synthetic_demo
DON00016,JEEVAN-D-00016,Amol Khosla,A+,9347098007,donor16@jeevan-demo.local,10.703986,76.567588,2026-06-01,8,57.89,True,True,synthetic_demo
DON00017,JEEVAN-D-00017,Siya Deol,B+,9755176616,donor17@jeevan-demo.local,10.258966,76.298648,2026-01-10,8,82.68,True,True,synthetic_demo
DON00018,JEEVAN-D-00018,Amruta Kapoor,O-,9512053649,donor18@jeevan-demo.local,10.877659,76.52676,2025-06-09,1,50.23,True,True,synthetic_demo
DON00019,JEEVAN-D-00019,George Handa,O-,9404858608,donor19@jeevan-demo.local,10.834943,76.151582,2026-04-06,3,75.97,True,True,synthetic_demo
DON00020,JEEVAN-D-00020,Shaurya Behl,AB+,9039283915,donor20@jeevan-demo.local,10.519665,76.074282,2026-08-22,1,67.31,True,True,synthetic_demo
DON00021,JEEVAN-D-00021,Samuel Sarma,AB-,9675007624,donor21@jeevan-demo.local,10.430094,75.951914,2026-02-25,4,71.99,True,True,synthetic_demo
DON00022,JEEVAN-D-00022,Kamala Nadig,A-,9622832629,donor22@jeevan-demo.local,10.271392,75.852063,2025-08-09,4,66.9,True,True,synthetic_demo
DON00023,JEEVAN-D-00023,Manbir Sem,AB-,9691263711,donor23@jeevan-demo.local,10.38266,76.228714,2026-06-22,11,51.37,True,True,synthetic_demo
DON00024,JEEVAN-D-00024,Vinaya Verma,O+,9556114973,donor24@jeevan-demo.local,10.689559,76.070579,2025-11-20,9,53.88,True,True,synthetic_demo
DON00025,JEEVAN-D-00025,Xalak Lanka,O+,9998834204,donor25@jeevan-demo.local,10.234327,76.357982,2025-05-26,10,60.51,True,True,synthetic_demo
DON00026,JEEVAN-D-00026,Rehaan Pathak,O-,9158631031,donor26@jeevan-demo.local,10.536734,76.151806,2026-03-28,5,35.33,True,True,synthetic_demo
DON00027,JEEVAN-D-00027,Champak Sibal,O+,9830947906,donor27@jeevan-demo.local,10.827282,76.575752,2025-07-03,2,92.62,False,True,synthetic_demo
DON00028,JEEVAN-D-00028,Vedant Bhakta,A+,9326637253,donor28@jeevan-demo.local,10.859967,76.290542,2026-06-20,4,60.1,True,True,synthetic_demo
DON00029,JEEVAN-D-00029,Saumya Deo,AB-,9278015483,donor29@jeevan-demo.local,10.329997,76.204454,2026-02-03,8,76.26,True,True,synthetic_demo
DON00030,JEEVAN-D-00030,Vivaan Goswami,A+,9845878700,donor30@jeevan-demo.local,10.469532,76.510179,2026-02-18,4,90.71,True,True,synthetic_demo
DON00031,JEEVAN-D-00031,Dayamai Kanda,B-,9655654342,donor31@jeevan-demo.local,10.491367,76.305646,2025-07-29,1,70.9,True,True,synthetic_demo
DON00032,JEEVAN-D-00032,Ronith Varty,O+,9217392640,donor32@jeevan-demo.local,10.861508,76.072739,2026-07-03,2,75.91,True,True,synthetic_demo
DON00033,JEEVAN-D-00033,Janaki Jhaveri,B-,9359227952,donor33@jeevan-demo.local,10.692951,76.297268,2026-09-21,2,95.37,True,True,synthetic_demo
DON00034,JEEVAN-D-00034,Arunima Edwin,AB-,9324947028,donor34@jeevan-demo.local,10.564854,76.373114,2026-03-10,9,95.0,True,True,synthetic_demo
DON00035,JEEVAN-D-00035,Tanmayi Som,A+,9679263587,donor35@jeevan-demo.local,10.810612,76.184162,2025-06-24,7,73.55,True,True,synthetic_demo
DON00036,JEEVAN-D-00036,Qadim Gola,B-,9330096092,donor36@jeevan-demo.local,10.249096,76.302034,2025-07-09,10,57.65,False,True,synthetic_demo
DON00037,JEEVAN-D-00037,Ekiya Ratti,B+,9004422309,donor37@jeevan-demo.local,10.550363,75.856878,2026-09-03,12,47.21,True,True,synthetic_demo
DON00038,JEEVAN-D-00038,Balendra Kapadia,AB-,9490750753,donor38@jeevan-demo.local,10.260609,76.380076,2025-05-19,7,38.79,True,True,synthetic_demo
DON00039,JEEVAN-D-00039,Amol Rau,AB-,9507062479,donor39@jeevan-demo.local,10.452966,75.962218,2026-02-06,11,91.1,True,True,synthetic_demo
DON00040,JEEVAN-D-00040,Tarak Doctor,B+,9937004178,donor40@jeevan-demo.local,10.731158,75.932116,2025-11-09,2,86.65,True,True,synthetic_demo
DON00041,JEEVAN-D-00041,Matthew Sheth,A+,9029821347,donor41@jeevan-demo.local,10.18868,76.199006,2026-06-20,12,77.59,True,True,synthetic_demo
DON00042,JEEVAN-D-00042,Yashawini Trivedi,B-,9429673220,donor42@jeevan-demo.local,10.700591,76.03697,2025-11-30,3,96.37,True,True,synthetic_demo
DON00043,JEEVAN-D-00043,Dhriti Sharaf,AB-,9320428141,donor43@jeevan-demo.local,10.443988,76.309534,2026-01-09,1,79.92,True,True,synthetic_demo
DON00044,JEEVAN-D-00044,Brinda Randhawa,AB-,9386930473,donor44@jeevan-demo.local,10.447453,76.279607,2026-07-25,6,79.93,True,True,synthetic_demo
DON00045,JEEVAN-D-00045,Janya Kibe,B+,9775403430,donor45@jeevan-demo.local,10.37176,76.237995,2025-12-28,3,76.92,False,True,synthetic_demo
DON00046,JEEVAN-D-00046,Abeer Nanda,A+,9853922514,donor46@jeevan-demo.local,10.815953,76.403968,2026-06-08,7,66.89,True,True,synthetic_demo
DON00047,JEEVAN-D-00047,Shravya D’Alia,B+,9481145350,donor47@jeevan-demo.local,10.278655,76.120275,2026-04-14,10,77.18,True,True,synthetic_demo
DON00048,JEEVAN-D-00048,Warhi Dhar,B+,9113921587,donor48@jeevan-demo.local,10.782294,76.138942,2026-04-18,4,44.11,True,True,synthetic_demo
DON00049,JEEVAN-D-00049,Kashish Dave,O-,9577147131,donor49@jeevan-demo.local,10.686727,75.94578,2025-07-11,11,70.99,True,True,synthetic_demo
DON00050,JEEVAN-D-00050,Irya Lata,AB+,9070046225,donor50@jeevan-demo.local,10.517485,76.046041,2026-03-05,1,67.76,True,True,synthetic_demo
DON00051,JEEVAN-D-00051,Aryan Purohit,AB+,9579201493,donor51@jeevan-demo.local,10.378385,76.385428,2026-06-15,10,63.45,False,True,synthetic_demo
DON00052,JEEVAN-D-00052,Jack Dutta,A+,9270531015,donor52@jeevan-demo.local,10.204119,76.155293,2026-05-02,6,80.84,True,True,synthetic_demo
DON00053,JEEVAN-D-00053,Zehaan Sarraf,AB+,9955633879,donor53@jeevan-demo.local,10.25365,76.089488,2025-09-11,3,58.02,False,True,synthetic_demo
DON00054,JEEVAN-D-00054,Naveen Chadha,A+,9226341694,donor54@jeevan-demo.local,10.769235,76.573144,2025-05-23,7,44.79,True,True,synthetic_demo
DON00055,JEEVAN-D-00055,Hemang Deol,A+,9725842202,donor55@jeevan-demo.local,10.211563,76.116809,2026-03-22,6,44.86,True,True,synthetic_demo
DON00056,JEEVAN-D-00056,Hema Kulkarni,B-,9358025506,donor56@jeevan-demo.local,10.759747,76.129056,2025-10-08,6,35.97,True,True,synthetic_demo
DON00057,JEEVAN-D-00057,Aarnav Tripathi,O+,9047447615,donor57@jeevan-demo.local,10.825801,75.936106,2025-08-23,10,88.22,True,True,synthetic_demo
DON00058,JEEVAN-D-00058,Lucky Mallick,B+,9300582649,donor58@jeevan-demo.local,10.742632,76.111789,2025-10-07,4,46.53,True,True,synthetic_demo
DON00059,JEEVAN-D-00059,Andrew Gulati,AB+,9105462889,donor59@jeevan-demo.local,10.345679,76.46447,2026-01-11,8,69.11,True,True,synthetic_demo
DON00060,JEEVAN-D-00060,Manthan Madan,O+,9677847176,donor60@jeevan-demo.local,10.526326,76.281936,2025-08-22,6,39.88,False,True,synthetic_demo
DON00061,JEEVAN-D-00061,Saanvi Gala,AB+,9479147361,donor61@jeevan-demo.local,10.865263,75.952467,2026-06-21,11,59.46,True,True,synthetic_demo
DON00062,JEEVAN-D-00062,Saanvi Golla,AB+,9924156593,donor62@jeevan-demo.local,10.608697,76.135783,2025-10-25,12,60.09,True,True,synthetic_demo
DON00063,JEEVAN-D-00063,Matthew Choudhary,AB+,9973782560,donor63@jeevan-demo.local,10.780916,75.865841,2026-03-17,2,45.86,False,True,synthetic_demo
DON00064,JEEVAN-D-00064,Pranit Bhagat,B+,9637757440,donor64@jeevan-demo.local,10.322214,76.016295,2026-07-13,9,81.07,True,True,synthetic_demo
DON00065,JEEVAN-D-00065,Niharika Kothari,O+,9136657425,donor65@jeevan-demo.local,10.358677,76.420492,2026-08-09,11,37.97,False,True,synthetic_demo
DON00066,JEEVAN-D-00066,Yauvani Venkataraman,AB+,9247201277,donor66@jeevan-demo.local,10.307433,76.551557,2025-06-17,3,78.56,True,True,synthetic_demo
DON00067,JEEVAN-D-00067,Yash Behl,O-,9803184004,donor67@jeevan-demo.local,10.644373,75.898528,2026-09-02,2,54.54,True,True,synthetic_demo
DON00068,JEEVAN-D-00068,Hitesh Taneja,A-,9067714087,donor68@jeevan-demo.local,10.767968,76.043231,2025-08-26,9,39.48,True,True,synthetic_demo
DON00069,JEEVAN-D-00069,Manan Bajwa,O-,9903837093,donor69@jeevan-demo.local,10.65001,76.130524,2025-10-26,10,72.27,False,True,synthetic_demo
DON00070,JEEVAN-D-00070,Qadim Sachar,AB-,9615124100,donor70@jeevan-demo.local,10.558352,76.493051,2026-07-21,4,96.06,False,True,synthetic_demo
DON00071,JEEVAN-D-00071,Nandini Johal,B+,9406238247,donor71@jeevan-demo.local,10.266459,75.964417,2026-08-23,8,86.84,True,True,synthetic_demo
DON00072,JEEVAN-D-00072,Inaya Tandon,A-,9522489287,donor72@jeevan-demo.local,10.776439,76.535081,2026-07-22,10,91.5,True,True,synthetic_demo
DON00073,JEEVAN-D-00073,Charita Bir,A+,9306957065,donor73@jeevan-demo.local,10.175217,76.166516,2026-01-27,8,87.23,False,True,synthetic_demo
DON00074,JEEVAN-D-00074,Dipta Ratti,O-,9478041392,donor74@jeevan-demo.local,10.380966,76.390946,2026-04-28,5,72.2,True,True,synthetic_demo
DON00075,JEEVAN-D-00075,Falak Rajagopal,AB-,9835283904,donor75@jeevan-demo.local,10.256216,76.377619,2025-05-29,4,69.6,False,True,synthetic_demo
DON00076,JEEVAN-D-00076,Fariq Malhotra,A+,9439727599,donor76@jeevan-demo.local,10.553418,76.144713,2026-06-01,2,46.58,False,True,synthetic_demo
DON00077,JEEVAN-D-00077,Harshil Tailor,B+,9335771220,donor77@jeevan-demo.local,10.650766,75.894185,2025-09-19,7,43.66,False,True,synthetic_demo
DON00078,JEEVAN-D-00078,Agastya Kala,O-,9020344184,donor78@jeevan-demo.local,10.669749,76.356104,2025-12-10,4,84.63,False,True,synthetic_demo
DON00079,JEEVAN-D-00079,Vedhika Deshpande,AB-,9973982606,donor79@jeevan-demo.local,10.228071,76.362758,2026-01-24,11,71.04,False,True,synthetic_demo
DON00080,JEEVAN-D-00080,Harinakshi Mittal,A-,9983007827,donor80@jeevan-demo.local,10.565898,76.399847,2026-07-08,1,53.38,True,True,synthetic_demo
DON00081,JEEVAN-D-00081,Tripti Chopra,AB-,9512420387,donor81@jeevan-demo.local,10.448523,76.425517,2025-10-02,7,70.93,True,True,synthetic_demo
DON00082,JEEVAN-D-00082,Chaaya Chhabra,AB+,9085749418,donor82@jeevan-demo.local,10.496211,76.078022,2025-10-13,5,77.73,False,True,synthetic_demo
DON00083,JEEVAN-D-00083,Quincy Chadha,B-,9757736673,donor83@jeevan-demo.local,10.730104,76.242849,2026-07-29,7,81.22,True,True,synthetic_demo
DON00084,JEEVAN-D-00084,Manya Borra,A+,9620467599,donor84@jeevan-demo.local,10.17328,76.352806,2025-09-26,7,48.93,True,True,synthetic_demo
DON00085,JEEVAN-D-00085,Dayamai Shenoy,A-,9227552587,donor85@jeevan-demo.local,10.185725,76.525306,2026-04-14,6,68.92,True,True,synthetic_demo
DON00086,JEEVAN-D-00086,Ati Datta,B+,9800476799,donor86@jeevan-demo.local,10.799659,76.309824,2026-03-28,5,73.37,True,True,synthetic_demo
DON00087,JEEVAN-D-00087,Mitali Patil,O+,9005364416,donor87@jeevan-demo.local,10.184981,75.927859,2025-12-04,2,51.98,True,True,synthetic_demo
DON00088,JEEVAN-D-00088,Urmi Edwin,B+,9217253141,donor88@jeevan-demo.local,10.326818,76.156923,2026-07-11,1,40.68,True,True,synthetic_demo
DON00089,JEEVAN-D-00089,Gagan Patla,O+,9128933388,donor89@jeevan-demo.local,10.603304,75.936159,2025-11-22,3,47.24,True,True,synthetic_demo
DON00090,JEEVAN-D-00090,Kamala Panchal,B+,9678592276,donor90@jeevan-demo.local,10.466258,76.542432,2026-02-12,9,66.38,True,True,synthetic_demo
DON00091,JEEVAN-D-00091,Balhaar Nazareth,O+,9182217190,donor91@jeevan-demo.local,10.586366,75.881899,2025-11-18,1,66.23,True,True,synthetic_demo
DON00092,JEEVAN-D-00092,Damini Kumar,A+,9524685057,donor92@jeevan-demo.local,10.644784,75.88037,2025-08-15,1,52.84,True,True,synthetic_demo
DON00093,JEEVAN-D-00093,Urvashi Palla,B-,9416184220,donor93@jeevan-demo.local,10.867844,76.386842,2026-02-09,3,47.37,True,True,synthetic_demo
DON00094,JEEVAN-D-00094,Pushti Balakrishnan,O+,9008367990,donor94@jeevan-demo.local,10.821966,76.415389,2026-09-26,8,66.49,True,True,synthetic_demo
DON00095,JEEVAN-D-00095,Geetika Mukhopadhyay,B+,9032770189,donor95@jeevan-demo.local,10.558915,76.351458,2026-07-26,10,64.35,True,True,synthetic_demo
DON00096,JEEVAN-D-00096,Nathaniel Bhatti,O+,9410470216,donor96@jeevan-demo.local,10.508113,76.548755,2025-07-18,2,35.23,True,True,synthetic_demo
DON00097,JEEVAN-D-00097,Rachit Shetty,B+,9974501961,donor97@jeevan-demo.local,10.491922,76.088768,2025-08-31,9,56.35,False,True,synthetic_demo
DON00098,JEEVAN-D-00098,Aadhya Bose,A-,9367582239,donor98@jeevan-demo.local,10.737224,76.419298,2025-09-30,6,91.77,True,True,synthetic_demo
DON00099,JEEVAN-D-00099,Ira Kaur,O+,9548706990,donor99@jeevan-demo.local,10.384992,76.052557,2026-03-20,10,35.68,True,True,synthetic_demo
DON00100,JEEVAN-D-00100,Andrew Tata,O-,9276951220,donor100@jeevan-demo.local,10.18402,75.899542,2025-12-12,12,35.47,True,True,synthetic_demo
DON00101,JEEVAN-D-00101,Umang Ben,B-,9618640471,donor101@jeevan-demo.local,10.35693,76.493725,2026-03-01,9,36.52,True,True,synthetic_demo
DON00102,JEEVAN-D-00102,Mekhala Zachariah,B-,9117519672,donor102@jeevan-demo.local,10.722507,76.518899,2025-08-15,2,76.44,True,True,synthetic_demo
DON00103,JEEVAN-D-00103,Manan Rana,B+,9324621256,donor103@jeevan-demo.local,10.685272,76.111532,2026-02-22,1,62.05,True,True,synthetic_demo
DON00104,JEEVAN-D-00104,David Choudhry,B+,9931388818,donor104@jeevan-demo.local,10.714888,76.485248,2025-07-02,12,82.31,True,True,synthetic_demo
DON00105,JEEVAN-D-00105,Reva Kohli,B+,9315412485,donor105@jeevan-demo.local,10.868812,76.524581,2025-09-15,6,80.98,True,True,synthetic_demo
DON00106,JEEVAN-D-00106,Harita Dhar,B-,9609674251,donor106@jeevan-demo.local,10.705612,76.37292,2026-03-31,6,70.9,True,True,synthetic_demo
DON00107,JEEVAN-D-00107,Anmol Naik,A+,9921594714,donor107@jeevan-demo.local,10.712537,76.115522,2025-12-14,6,64.14,False,True,synthetic_demo
DON00108,JEEVAN-D-00108,Upkaar Sem,AB-,9488404550,donor108@jeevan-demo.local,10.840113,76.093471,2025-06-08,8,59.39,True,True,synthetic_demo
DON00109,JEEVAN-D-00109,Nikita Wagle,A-,9489000617,donor109@jeevan-demo.local,10.266654,76.052229,2026-09-18,3,56.51,True,True,synthetic_demo
DON00110,JEEVAN-D-00110,Ekani Bhargava,A+,9939528917,donor110@jeevan-demo.local,10.501914,76.01173,2026-03-06,12,94.45,True,True,synthetic_demo
DON00111,JEEVAN-D-00111,Udarsh Sarkar,A+,9161282085,donor111@jeevan-demo.local,10.674507,76.109779,2026-02-13,1,44.94,False,True,synthetic_demo
DON00112,JEEVAN-D-00112,Hemal Suresh,O+,9039978331,donor112@jeevan-demo.local,10.763407,76.245652,2026-03-19,8,66.56,True,True,synthetic_demo
DON00113,JEEVAN-D-00113,Kiaan Deol,O-,9093678557,donor113@jeevan-demo.local,10.834908,76.28981,2025-08-08,11,59.11,False,True,synthetic_demo
DON00114,JEEVAN-D-00114,Chandani Kaur,B-,9503703456,donor114@jeevan-demo.local,10.732481,76.069867,2025-12-21,6,72.24,True,True,synthetic_demo
DON00115,JEEVAN-D-00115,Balvan Venkataraman,B+,9137566449,donor115@jeevan-demo.local,10.560571,76.31584,2025-11-22,10,57.22,False,True,synthetic_demo
DON00116,JEEVAN-D-00116,Rachita Venkatesh,B+,9289517281,donor116@jeevan-demo.local,10.361189,76.197875,2026-09-04,2,54.51,True,True,synthetic_demo
DON00117,JEEVAN-D-00117,Ladli Sule,A-,9059022025,donor117@jeevan-demo.local,10.768411,76.156611,2026-02-27,9,78.35,True,True,synthetic_demo
DON00118,JEEVAN-D-00118,Eta Dhingra,O+,9992474624,donor118@jeevan-demo.local,10.436014,76.199869,2026-05-10,3,91.06,True,True,synthetic_demo
DON00119,JEEVAN-D-00119,Udarsh Badal,B-,9541745868,donor119@jeevan-demo.local,10.438949,76.450525,2026-02-25,6,85.16,True,True,synthetic_demo
DON00120,JEEVAN-D-00120,Nachiket Lala,B+,9651421514,donor120@jeevan-demo.local,10.754647,75.860683,2026-07-14,12,93.63,True,True,synthetic_demo
DON00121,JEEVAN-D-00121,Manbir Narasimhan,O-,9817791618,donor121@jeevan-demo.local,10.600772,76.050881,2025-07-05,11,52.93,True,True,synthetic_demo
DON00122,JEEVAN-D-00122,Bhavini Sampath,O+,9749007091,donor122@jeevan-demo.local,10.257687,76.138236,2026-06-28,9,41.31,False,True,synthetic_demo
DON00123,JEEVAN-D-00123,Damyanti Sachdeva,O-,9616074817,donor123@jeevan-demo.local,10.528529,76.205692,2026-09-14,4,66.43,True,True,synthetic_demo
DON00124,JEEVAN-D-00124,George Seth,O+,9986631284,donor124@jeevan-demo.local,10.566539,75.978565,2025-08-02,9,51.15,False,True,synthetic_demo
DON00125,JEEVAN-D-00125,Saksham Varughese,AB+,9174239509,donor125@jeevan-demo.local,10.819514,76.165419,2025-07-29,2,83.2,True,True,synthetic_demo
DON00126,JEEVAN-D-00126,Nihal Sodhi,O+,9118532575,donor126@jeevan-demo.local,10.28542,76.04406,2025-11-14,8,78.65,True,True,synthetic_demo
DON00127,JEEVAN-D-00127,Tristan Ganguly,O+,9604920416,donor127@jeevan-demo.local,10.779521,76.162171,2025-11-17,1,77.58,True,True,synthetic_demo
DON00128,JEEVAN-D-00128,Eta Pradhan,O+,9281951435,donor128@jeevan-demo.local,10.634275,76.216104,2026-08-17,5,58.83,True,True,synthetic_demo
DON00129,JEEVAN-D-00129,Hamsini Reddy,A+,9773390195,donor129@jeevan-demo.local,10.433379,75.917962,2026-04-04,12,94.96,True,True,synthetic_demo
DON00130,JEEVAN-D-00130,Abeer Oommen,B-,9001352264,donor130@jeevan-demo.local,10.783094,76.539188,2026-05-04,5,80.46,True,True,synthetic_demo
DON00131,JEEVAN-D-00131,Chakrika Chandra,O-,9801844104,donor131@jeevan-demo.local,10.26969,75.883862,2025-06-21,12,96.71,True,True,synthetic_demo
DON00132,JEEVAN-D-00132,Imaran Balay,B-,9710833041,donor132@jeevan-demo.local,10.337932,76.264798,2025-05-27,9,92.35,False,True,synthetic_demo
DON00133,JEEVAN-D-00133,Raghav Wason,AB-,9129679932,donor133@jeevan-demo.local,10.785592,75.900853,2026-01-17,2,71.72,True,True,synthetic_demo
DON00134,JEEVAN-D-00134,Daksh Pillai,O+,9673465733,donor134@jeevan-demo.local,10.479694,76.017691,2025-06-11,11,59.81,True,True,synthetic_demo
DON00135,JEEVAN-D-00135,Sai Tiwari,B+,9227353007,donor135@jeevan-demo.local,10.593487,76.236145,2025-08-03,8,40.99,False,True,synthetic_demo
DON00136,JEEVAN-D-00136,Rishi Tara,AB-,9876903009,donor136@jeevan-demo.local,10.285968,76.123383,2026-08-08,6,72.48,True,True,synthetic_demo
DON00137,JEEVAN-D-00137,Aadi Warrior,AB-,9704782883,donor137@jeevan-demo.local,10.438733,76.530209,2026-06-18,9,48.2,True,True,synthetic_demo
DON00138,JEEVAN-D-00138,Yashodhara Rajagopalan,O+,9672120327,donor138@jeevan-demo.local,10.397665,76.049009,2025-09-13,9,78.9,True,True,synthetic_demo
DON00139,JEEVAN-D-00139,Chanchal Joshi,O+,9199989944,donor139@jeevan-demo.local,10.716733,76.517557,2026-04-07,5,73.81,True,True,synthetic_demo
DON00140,JEEVAN-D-00140,Utkarsh Anne,O+,9559090155,donor140@jeevan-demo.local,10.520678,76.090756,2025-06-01,10,35.12,True,True,synthetic_demo
DON00141,JEEVAN-D-00141,Kiaan Sachdeva,AB-,9914459647,donor141@jeevan-demo.local,10.826338,75.975519,2026-05-25,7,94.43,True,True,synthetic_demo
DON00142,JEEVAN-D-00142,Edhitha Chada,O+,9780909076,donor142@jeevan-demo.local,10.680427,76.371615,2025-07-25,5,35.44,True,True,synthetic_demo
DON00143,JEEVAN-D-00143,Yash Hari,A-,9949139542,donor143@jeevan-demo.local,10.843961,76.446622,2026-08-11,7,66.57,True,True,synthetic_demo
DON00144,JEEVAN-D-00144,Karan Vasa,O+,9693074233,donor144@jeevan-demo.local,10.197244,76.360652,2025-10-11,3,50.86,True,True,synthetic_demo
DON00145,JEEVAN-D-00145,Anita Iyengar,B+,9015089233,donor145@jeevan-demo.local,10.497961,76.345023,2026-04-09,6,87.66,True,True,synthetic_demo
DON00146,JEEVAN-D-00146,Arya Sama,O-,9520715618,donor146@jeevan-demo.local,10.728485,76.271576,2026-07-11,8,78.55,False,True,synthetic_demo
DON00147,JEEVAN-D-00147,Anika Shroff,A-,9542353559,donor147@jeevan-demo.local,10.761651,76.300301,2026-03-24,2,35.77,False,True,synthetic_demo
DON00148,JEEVAN-D-00148,Imaran Sule,AB-,9735603815,donor148@jeevan-demo.local,10.57548,76.081401,2026-09-03,2,72.05,True,True,synthetic_demo
DON00149,JEEVAN-D-00149,Tanveer Dayal,A-,9540728024,donor149@jeevan-demo.local,10.791496,76.095491,2026-04-24,10,90.41,True,True,synthetic_demo
DON00150,JEEVAN-D-00150,Azad Khatri,AB+,9454464726,donor150@jeevan-demo.local,10.786117,75.980735,2026-02-20,7,63.6,False,True,synthetic_demo
DON00151,JEEVAN-D-00151,Advika Talwar,O-,9313248414,donor151@jeevan-demo.local,10.664429,76.486326,2026-05-27,3,69.66,False,True,synthetic_demo
DON00152,JEEVAN-D-00152,Arin Bath,AB-,9983051295,donor152@jeevan-demo.local,10.426176,75.954173,2025-10-03,2,94.9,True,True,synthetic_demo
DON00153,JEEVAN-D-00153,Tristan Bhandari,AB+,9182707015,donor153@jeevan-demo.local,10.84077,75.858833,2026-03-31,10,82.22,True,True,synthetic_demo
DON00154,JEEVAN-D-00154,Aradhana Varughese,A-,9933598893,donor154@jeevan-demo.local,10.224177,76.485937,2025-10-04,1,52.73,False,True,synthetic_demo
DON00155,JEEVAN-D-00155,Harinakshi Sama,B-,9834562173,donor155@jeevan-demo.local,10.393938,76.558812,2026-03-23,4,80.77,True,True,synthetic_demo
DON00156,JEEVAN-D-00156,Vinaya Krishna,B-,9872879847,donor156@jeevan-demo.local,10.208163,76.344027,2026-07-25,1,95.59,True,True,synthetic_demo
DON00157,JEEVAN-D-00157,Charles Deshpande,B+,9507172036,donor157@jeevan-demo.local,10.49578,76.562833,2026-06-02,7,86.75,True,True,synthetic_demo
DON00158,JEEVAN-D-00158,Arya Merchant,A+,9493091815,donor158@jeevan-demo.local,10.811616,76.024514,2026-08-13,9,49.4,False,True,synthetic_demo
DON00159,JEEVAN-D-00159,Gaurika Bora,A-,9377899154,donor159@jeevan-demo.local,10.537817,75.97368,2026-08-21,7,64.45,True,True,synthetic_demo
DON00160,JEEVAN-D-00160,Siddharth Tailor,B-,9871590960,donor160@jeevan-demo.local,10.424783,76.043174,2025-08-12,11,39.92,True,True,synthetic_demo
DON00161,JEEVAN-D-00161,Gavin Bhatnagar,AB-,9684501094,donor161@jeevan-demo.local,10.639532,75.988234,2026-07-02,3,53.45,True,True,synthetic_demo
DON00162,JEEVAN-D-00162,Aadi Saha,AB+,9532681748,donor162@jeevan-demo.local,10.285806,76.574436,2026-06-28,1,92.26,True,True,synthetic_demo
DON00163,JEEVAN-D-00163,Pallavi Venkataraman,O+,9306557350,donor163@jeevan-demo.local,10.443462,76.050616,2026-08-04,8,71.8,True,True,synthetic_demo
DON00164,JEEVAN-D-00164,Sneha Chauhan,A-,9410573446,donor164@jeevan-demo.local,10.712246,76.009546,2025-07-04,8,43.0,False,True,synthetic_demo
DON00165,JEEVAN-D-00165,Elijah Kanda,B+,9218234174,donor165@jeevan-demo.local,10.430003,76.507335,2026-02-14,8,92.1,True,True,synthetic_demo
DON00166,JEEVAN-D-00166,Kavya Choudhry,A-,9224523501,donor166@jeevan-demo.local,10.239609,76.394581,2026-07-22,4,94.13,True,True,synthetic_demo
DON00167,JEEVAN-D-00167,Kavya Vig,A+,9683475845,donor167@jeevan-demo.local,10.668865,76.374824,2025-11-03,2,97.01,True,True,synthetic_demo
DON00168,JEEVAN-D-00168,Kavya Hayre,AB+,9945222356,donor168@jeevan-demo.local,10.184225,76.252161,2026-09-21,5,62.53,True,True,synthetic_demo
DON00169,JEEVAN-D-00169,Rajata Aggarwal,O+,9181132192,donor169@jeevan-demo.local,10.767055,76.182021,2026-08-11,1,42.92,True,True,synthetic_demo
DON00170,JEEVAN-D-00170,Siya Gole,A+,9571743771,donor170@jeevan-demo.local,10.844438,76.374445,2025-11-08,4,94.89,True,True,synthetic_demo
DON00171,JEEVAN-D-00171,Harinakshi Sengupta,B-,9441157726,donor171@jeevan-demo.local,10.811117,76.467302,2026-07-10,6,67.16,False,True,synthetic_demo
DON00172,JEEVAN-D-00172,Maanav Barad,A+,9965588709,donor172@jeevan-demo.local,10.537384,76.05303,2025-09-18,4,88.31,True,True,synthetic_demo
DON00173,JEEVAN-D-00173,Yasti Venkatesh,AB+,9391807776,donor173@jeevan-demo.local,10.648031,75.959051,2026-04-11,8,91.14,True,True,synthetic_demo
DON00174,JEEVAN-D-00174,Geetika Raman,AB-,9534674902,donor174@jeevan-demo.local,10.574378,76.42175,2025-05-19,9,47.54,False,True,synthetic_demo
DON00175,JEEVAN-D-00175,Jagdish Dugar,A-,9577638954,donor175@jeevan-demo.local,10.582347,76.133375,2025-07-31,3,72.95,True,True,synthetic_demo
DON00176,JEEVAN-D-00176,Vansha Swaminathan,O+,9777276824,donor176@jeevan-demo.local,10.680648,76.316094,2025-09-17,7,64.51,True,True,synthetic_demo
DON00177,JEEVAN-D-00177,Nandini Rai,B-,9272366196,donor177@jeevan-demo.local,10.266093,76.039345,2026-06-04,1,61.44,True,True,synthetic_demo
DON00178,JEEVAN-D-00178,Ladli Sharma,AB-,9094579538,donor178@jeevan-demo.local,10.860465,76.55259,2025-06-07,12,86.11,True,True,synthetic_demo
DON00179,JEEVAN-D-00179,Dayamai Aggarwal,AB-,9145005011,donor179@jeevan-demo.local,10.71047,76.415667,2026-02-03,9,93.52,False,True,synthetic_demo
DON00180,JEEVAN-D-00180,Gaurika Buch,A+,9265395141,donor180@jeevan-demo.local,10.605525,75.936047,2026-02-04,11,85.89,False,True,synthetic_demo
DON00181,JEEVAN-D-00181,Bhavani Baria,O+,9382636479,donor181@jeevan-demo.local,10.306509,76.172686,2026-05-31,8,50.4,False,True,synthetic_demo
DON00182,JEEVAN-D-00182,Tanvi Cherian,B+,9688245320,donor182@jeevan-demo.local,10.447993,76.391796,2025-12-06,8,40.6,True,True,synthetic_demo
DON00183,JEEVAN-D-00183,Garima Kibe,A-,9822013094,donor183@jeevan-demo.local,10.617822,76.020205,2025-06-26,7,89.77,True,True,synthetic_demo
DON00184,JEEVAN-D-00184,Oviya Borra,O+,9727345006,donor184@jeevan-demo.local,10.184897,76.373849,2026-02-16,8,41.6,False,True,synthetic_demo
DON00185,JEEVAN-D-00185,Urvi Natarajan,AB+,9189472531,donor185@jeevan-demo.local,10.823028,75.937189,2026-08-08,1,81.52,True,True,synthetic_demo
DON00186,JEEVAN-D-00186,Qarin Menon,B-,9786975458,donor186@jeevan-demo.local,10.346646,76.566344,2026-09-12,5,52.18,True,True,synthetic_demo
DON00187,JEEVAN-D-00187,Yashodhara Srivastava,AB+,9870757668,donor187@jeevan-demo.local,10.224452,75.858362,2025-12-05,9,76.42,True,True,synthetic_demo
DON00188,JEEVAN-D-00188,Devika Sinha,A-,9666882748,donor188@jeevan-demo.local,10.180882,76.364526,2026-06-26,4,46.37,False,True,synthetic_demo
DON00189,JEEVAN-D-00189,Rushil Seshadri,AB-,9478124749,donor189@jeevan-demo.local,10.586921,76.140702,2026-03-02,11,37.28,True,True,synthetic_demo
DON00190,JEEVAN-D-00190,Om Agate,AB+,9522649197,donor190@jeevan-demo.local,10.570639,76.343669,2026-08-28,2,51.69,True,True,synthetic_demo
DON00191,JEEVAN-D-00191,Ishani Ranganathan,O+,9173454521,donor191@jeevan-demo.local,10.679172,76.375214,2026-02-18,8,87.07,False,True,synthetic_demo
DON00192,JEEVAN-D-00192,Chaitaly Contractor,AB+,9191811008,donor192@jeevan-demo.local,10.24589,76.365049,2026-01-26,6,76.07,True,True,synthetic_demo
DON00193,JEEVAN-D-00193,Xalak Goyal,B-,9428930664,donor193@jeevan-demo.local,10.721878,76.167596,2026-01-20,9,86.24,True,True,synthetic_demo
DON00194,JEEVAN-D-00194,Azaan Butala,AB-,9670634945,donor194@jeevan-demo.local,10.330048,76.460222,2026-01-29,3,72.94,True,True,synthetic_demo
DON00195,JEEVAN-D-00195,Yagnesh Sarraf,B-,9479505935,donor195@jeevan-demo.local,10.672464,76.529669,2025-12-04,7,92.37,False,True,synthetic_demo
DON00196,JEEVAN-D-00196,Ishwar Edwin,A-,9201031134,donor196@jeevan-demo.local,10.345989,76.296172,2025-10-31,2,93.59,True,True,synthetic_demo
DON00197,JEEVAN-D-00197,Kala Saha,B+,9995852862,donor197@jeevan-demo.local,10.39883,76.028972,2026-08-31,7,93.61,True,True,synthetic_demo
DON00198,JEEVAN-D-00198,Bimala Rajagopalan,AB-,9390121486,donor198@jeevan-demo.local,10.731595,76.116554,2025-08-26,3,96.99,False,True,synthetic_demo
DON00199,JEEVAN-D-00199,Sachi Saini,O-,9400920626,donor199@jeevan-demo.local,10.597623,76.15068,2026-07-02,7,61.44,True,True,synthetic_demo
DON00200,JEEVAN-D-00200,Suhani Din,B-,9353580706,donor200@jeevan-demo.local,10.776831,76.061522,2026-08-24,6,55.17,False,True,synthetic_demo
DON00201,JEEVAN-D-00201,Yuvraj Bansal,O-,9298428280,donor201@jeevan-demo.local,10.175776,76.174959,2025-12-15,2,62.66,True,True,synthetic_demo
DON00202,JEEVAN-D-00202,Arunima Contractor,AB+,9260488621,donor202@jeevan-demo.local,10.355023,76.141492,2026-06-16,9,52.28,True,True,synthetic_demo
DON00203,JEEVAN-D-00203,Aarini Issac,AB-,9084461031,donor203@jeevan-demo.local,10.244349,76.40616,2026-08-06,9,82.93,True,True,synthetic_demo
DON00204,JEEVAN-D-00204,Urishilla Vasa,B-,9934635357,donor204@jeevan-demo.local,10.283738,75.850691,2026-02-12,9,48.75,True,True,synthetic_demo
DON00205,JEEVAN-D-00205,Dakshesh Bir,A-,9631914642,donor205@jeevan-demo.local,10.314666,75.975655,2026-04-05,5,67.43,False,True,synthetic_demo
DON00206,JEEVAN-D-00206,Luke Suresh,AB-,9090063769,donor206@jeevan-demo.local,10.775974,76.001284,2025-08-06,12,36.28,True,True,synthetic_demo
DON00207,JEEVAN-D-00207,Anthony Pau,O-,9078424074,donor207@jeevan-demo.local,10.21084,76.258426,2025-05-22,5,76.62,True,True,synthetic_demo
DON00208,JEEVAN-D-00208,Omya Sagar,O+,9400966019,donor208@jeevan-demo.local,10.635562,76.215867,2026-02-24,10,75.47,True,True,synthetic_demo
DON00209,JEEVAN-D-00209,Daksh Saha,O-,9889149190,donor209@jeevan-demo.local,10.310939,76.356556,2025-09-11,10,54.4,True,True,synthetic_demo
DON00210,JEEVAN-D-00210,Wriddhish Bakshi,AB+,9415220853,donor210@jeevan-demo.local,10.191289,76.532815,2025-05-29,2,68.29,True,True,synthetic_demo
DON00211,JEEVAN-D-00211,Damyanti Srinivas,B-,9679727585,donor211@jeevan-demo.local,10.248024,75.980569,2025-09-06,6,76.98,True,True,synthetic_demo
DON00212,JEEVAN-D-00212,Ayaan Bawa,A-,9304669826,donor212@jeevan-demo.local,10.691864,76.164339,2025-08-28,3,47.41,True,True,synthetic_demo
DON00213,JEEVAN-D-00213,Saumya Patla,O-,9176336520,donor213@jeevan-demo.local,10.462237,75.947011,2026-06-23,2,92.08,True,True,synthetic_demo
DON00214,JEEVAN-D-00214,Bimala Datta,A-,9422891202,donor214@jeevan-demo.local,10.873113,76.084478,2026-07-20,4,97.22,True,True,synthetic_demo
DON00215,JEEVAN-D-00215,Chavvi Varty,AB-,9693953450,donor215@jeevan-demo.local,10.55542,76.301464,2026-01-28,1,80.32,True,True,synthetic_demo
DON00216,JEEVAN-D-00216,Vidhi Pandey,B-,9292355753,donor216@jeevan-demo.local,10.273447,75.909531,2026-06-13,1,86.0,True,True,synthetic_demo
DON00217,JEEVAN-D-00217,Ishaan Tailor,B-,9599061741,donor217@jeevan-demo.local,10.248866,76.025523,2026-09-19,2,55.76,True,True,synthetic_demo
DON00218,JEEVAN-D-00218,Manya Chowdhury,AB+,9908262946,donor218@jeevan-demo.local,10.17021,76.163684,2025-05-29,1,73.68,True,True,synthetic_demo
DON00219,JEEVAN-D-00219,Shravya Bhargava,A+,9859149991,donor219@jeevan-demo.local,10.760179,75.988527,2026-07-22,5,82.12,True,True,synthetic_demo
DON00220,JEEVAN-D-00220,Triya Seth,O-,9033533858,donor220@jeevan-demo.local,10.813,76.375532,2026-05-18,10,71.85,True,True,synthetic_demo
DON00221,JEEVAN-D-00221,Dhruv Dugal,O+,9357645660,donor221@jeevan-demo.local,10.184926,76.445115,2026-03-02,11,96.53,True,True,synthetic_demo
DON00222,JEEVAN-D-00222,Edhitha Keer,AB-,9584007930,donor222@jeevan-demo.local,10.576647,76.541148,2026-09-27,5,84.7,False,True,synthetic_demo
DON00223,JEEVAN-D-00223,Anika Agate,AB-,9938131449,donor223@jeevan-demo.local,10.791286,76.287181,2026-01-16,11,41.18,True,True,synthetic_demo
DON00224,JEEVAN-D-00224,Krishna Sachdeva,AB-,9334022115,donor224@jeevan-demo.local,10.601091,76.075351,2025-11-06,7,36.71,True,True,synthetic_demo
DON00225,JEEVAN-D-00225,Waida Mammen,AB-,9032672883,donor225@jeevan-demo.local,10.723382,76.326938,2026-05-13,2,69.46,True,True,synthetic_demo
DON00226,JEEVAN-D-00226,Chandani Wali,AB-,9526267105,donor226@jeevan-demo.local,10.476368,76.230298,2025-08-05,10,46.78,True,True,synthetic_demo
DON00227,JEEVAN-D-00227,Lipika Bhalla,B+,9346084064,donor227@jeevan-demo.local,10.679389,76.328051,2026-04-06,1,92.12,True,True,synthetic_demo
DON00228,JEEVAN-D-00228,Vaishnavi Kara,O+,9039431602,donor228@jeevan-demo.local,10.473967,75.895847,2025-12-30,8,72.95,True,True,synthetic_demo
DON00229,JEEVAN-D-00229,Darika Buch,O-,9310047248,donor229@jeevan-demo.local,10.548529,76.136541,2026-02-14,3,55.73,True,True,synthetic_demo
DON00230,JEEVAN-D-00230,Azad Kade,O+,9716905358,donor230@jeevan-demo.local,10.423678,76.047373,2026-07-06,2,48.01,False,True,synthetic_demo
DON00231,JEEVAN-D-00231,Zarna Keer,AB+,9982385520,donor231@jeevan-demo.local,10.781526,75.991953,2025-06-27,4,55.28,True,True,synthetic_demo
DON00232,JEEVAN-D-00232,Ishita Agarwal,O+,9193921644,donor232@jeevan-demo.local,10.255123,75.856482,2026-06-08,10,46.34,True,True,synthetic_demo
DON00233,JEEVAN-D-00233,Janya Dhaliwal,B-,9709336813,donor233@jeevan-demo.local,10.804644,76.449308,2025-12-08,11,66.99,True,True,synthetic_demo
DON00234,JEEVAN-D-00234,Ijaya Sane,B-,9515927554,donor234@jeevan-demo.local,10.647028,75.997188,2026-06-16,2,42.25,True,True,synthetic_demo
DON00235,JEEVAN-D-00235,Kavya Ben,A+,9946436587,donor235@jeevan-demo.local,10.510773,76.195084,2025-07-09,7,38.59,False,True,synthetic_demo
DON00236,JEEVAN-D-00236,Vamakshi Rana,AB+,9504563720,donor236@jeevan-demo.local,10.746125,76.115925,2026-06-19,10,75.02,False,True,synthetic_demo
DON00237,JEEVAN-D-00237,Bishakha Kalita,B+,9722572302,donor237@jeevan-demo.local,10.3412,76.219307,2026-02-03,3,47.65,True,True,synthetic_demo
DON00238,JEEVAN-D-00238,Maanas Agrawal,AB-,9777534430,donor238@jeevan-demo.local,10.866307,76.347476,2026-09-16,5,73.94,True,True,synthetic_demo
DON00239,JEEVAN-D-00239,Dhruv Rana,A-,9533857678,donor239@jeevan-demo.local,10.533314,76.190086,2026-07-17,6,93.19,True,True,synthetic_demo
DON00240,JEEVAN-D-00240,Kabir Wason,AB-,9083649429,donor240@jeevan-demo.local,10.487258,76.109798,2025-09-22,10,83.3,True,True,synthetic_demo
DON00241,JEEVAN-D-00241,Nihal Saha,B+,9327872268,donor241@jeevan-demo.local,10.287236,75.980659,2026-05-15,10,45.67,False,True,synthetic_demo
DON00242,JEEVAN-D-00242,Shivansh Toor,A+,9007420583,donor242@jeevan-demo.local,10.387715,76.128522,2025-06-15,7,76.78,False,True,synthetic_demo
DON00243,JEEVAN-D-00243,Jackson Mistry,B-,9605679386,donor243@jeevan-demo.local,10.742069,75.86766,2025-06-03,3,81.84,True,True,synthetic_demo
DON00244,JEEVAN-D-00244,Zinal Sibal,O-,9373378806,donor244@jeevan-demo.local,10.762544,76.09826,2025-10-06,8,48.15,True,True,synthetic_demo
DON00245,JEEVAN-D-00245,Forum Ranganathan,AB-,9097456388,donor245@jeevan-demo.local,10.637259,75.948341,2025-07-18,7,87.23,False,True,synthetic_demo
DON00246,JEEVAN-D-00246,Maanav Rau,O-,9802631763,donor246@jeevan-demo.local,10.183465,76.316191,2026-03-14,12,74.85,True,True,synthetic_demo
DON00247,JEEVAN-D-00247,Varsha Chaudhari,O+,9309932134,donor247@jeevan-demo.local,10.590243,76.317131,2026-06-11,1,44.76,True,True,synthetic_demo
DON00248,JEEVAN-D-00248,Abha Srinivasan,B-,9540678424,donor248@jeevan-demo.local,10.564392,76.125551,2026-05-07,2,87.21,True,True,synthetic_demo
DON00249,JEEVAN-D-00249,Tanay Mitter,B-,9452724878,donor249@jeevan-demo.local,10.879011,76.465617,2025-06-13,6,58.51,True,True,synthetic_demo
DON00250,JEEVAN-D-00250,Ganga Pillay,B+,9933606464,donor250@jeevan-demo.local,10.522046,76.28691,2025-08-21,11,87.66,True,True,synthetic_demo
DON00251,JEEVAN-D-00251,Ethan Chaudhry,B-,9928699230,donor251@jeevan-demo.local,10.696821,76.477152,2026-09-15,6,50.87,False,True,synthetic_demo
DON00252,JEEVAN-D-00252,Shravya Khosla,A+,9391004563,donor252@jeevan-demo.local,10.58954,76.518272,2026-03-09,3,68.27,True,True,synthetic_demo
DON00253,JEEVAN-D-00253,Barkha Chander,O-,9626365373,donor253@jeevan-demo.local,10.763083,76.068541,2026-04-28,2,93.19,True,True,synthetic_demo
DON00254,JEEVAN-D-00254,Advika Reddy,B-,9067507031,donor254@jeevan-demo.local,10.443425,76.134369,2026-08-25,8,68.71,True,True,synthetic_demo
DON00255,JEEVAN-D-00255,Amaira Dhawan,AB-,9687835288,donor255@jeevan-demo.local,10.329146,76.414509,2026-02-04,2,78.82,True,True,synthetic_demo
DON00256,JEEVAN-D-00256,Dayita Ravel,O-,9320298627,donor256@jeevan-demo.local,10.350838,76.56926,2026-06-01,7,66.59,True,True,synthetic_demo
DON00257,JEEVAN-D-00257,Ronith Vala,O-,9661441743,donor257@jeevan-demo.local,10.852258,76.523836,2026-03-11,2,57.61,True,True,synthetic_demo
DON00258,JEEVAN-D-00258,Oeshi Peri,B+,9518804770,donor258@jeevan-demo.local,10.431784,75.940401,2026-05-06,5,49.29,True,True,synthetic_demo
DON00259,JEEVAN-D-00259,Gaurav Padmanabhan,AB-,9443740628,donor259@jeevan-demo.local,10.723313,76.142185,2026-08-06,3,51.72,False,True,synthetic_demo
DON00260,JEEVAN-D-00260,Tanveer Contractor,O-,9789231079,donor260@jeevan-demo.local,10.685164,76.230691,2026-03-03,2,41.77,True,True,synthetic_demo
DON00261,JEEVAN-D-00261,Warinder Bora,B+,9936966867,donor261@jeevan-demo.local,10.870737,76.268699,2026-03-30,2,97.61,False,True,synthetic_demo
DON00262,JEEVAN-D-00262,Abdul Pradhan,B-,9836536512,donor262@jeevan-demo.local,10.661501,76.181164,2026-07-22,9,87.68,False,True,synthetic_demo
DON00263,JEEVAN-D-00263,Sudiksha Saha,O-,9481680699,donor263@jeevan-demo.local,10.175472,76.335838,2026-09-02,8,40.55,True,True,synthetic_demo
DON00264,JEEVAN-D-00264,Chanakya Kulkarni,AB-,9438847557,donor264@jeevan-demo.local,10.597711,75.906284,2026-05-31,11,56.61,True,True,synthetic_demo
DON00265,JEEVAN-D-00265,Aditya Ray,AB-,9384768201,donor265@jeevan-demo.local,10.634922,76.126963,2025-11-14,1,83.72,True,True,synthetic_demo
DON00266,JEEVAN-D-00266,Ishani Virk,AB-,9194305243,donor266@jeevan-demo.local,10.355168,76.308434,2026-09-22,12,85.18,True,True,synthetic_demo
DON00267,JEEVAN-D-00267,Vidhi Jaggi,AB+,9169214284,donor267@jeevan-demo.local,10.639308,76.008701,2025-12-21,1,82.05,True,True,synthetic_demo
DON00268,JEEVAN-D-00268,Vivaan Gola,AB+,9899944008,donor268@jeevan-demo.local,10.19373,76.060636,2026-01-30,8,86.87,True,True,synthetic_demo
DON00269,JEEVAN-D-00269,Pavani Kapur,A-,9857674395,donor269@jeevan-demo.local,10.410214,76.168715,2026-03-31,9,86.54,True,True,synthetic_demo
DON00270,JEEVAN-D-00270,Nathaniel Narang,B+,9296156624,donor270@jeevan-demo.local,10.480838,76.528341,2025-07-24,2,97.89,True,True,synthetic_demo
DON00271,JEEVAN-D-00271,Tristan Rao,AB+,9050736903,donor271@jeevan-demo.local,10.58076,76.017467,2025-09-23,9,41.15,True,True,synthetic_demo
DON00272,JEEVAN-D-00272,Amaira Kara,AB+,9253176331,donor272@jeevan-demo.local,10.273543,75.903107,2025-10-05,7,94.39,False,True,synthetic_demo
DON00273,JEEVAN-D-00273,Upma Patla,O-,9838489446,donor273@jeevan-demo.local,10.427855,75.977121,2026-04-30,11,71.65,True,True,synthetic_demo
DON00274,JEEVAN-D-00274,Vansha Thaker,B+,9762196007,donor274@jeevan-demo.local,10.787559,76.110483,2026-06-08,9,79.94,True,True,synthetic_demo
DON00275,JEEVAN-D-00275,Ethan Patel,AB-,9935601986,donor275@jeevan-demo.local,10.359848,76.019278,2025-05-29,6,96.18,True,True,synthetic_demo
DON00276,JEEVAN-D-00276,Wriddhish Sarna,O+,9160428872,donor276@jeevan-demo.local,10.351175,76.073194,2025-05-30,8,46.03,True,True,synthetic_demo
DON00277,JEEVAN-D-00277,Luke Saini,A+,9084249915,donor277@jeevan-demo.local,10.67019,75.952157,2025-10-15,11,59.28,True,True,synthetic_demo
DON00278,JEEVAN-D-00278,Aditya Kumer,A-,9084861102,donor278@jeevan-demo.local,10.868038,76.12858,2026-08-24,9,61.75,True,True,synthetic_demo
DON00279,JEEVAN-D-00279,Yashica Shenoy,O-,9420812901,donor279@jeevan-demo.local,10.21719,76.115657,2026-01-23,11,65.82,True,True,synthetic_demo
DON00280,JEEVAN-D-00280,Advik Amble,AB-,9403430267,donor280@jeevan-demo.local,10.847513,75.982318,2025-11-01,6,42.13,True,True,synthetic_demo
DON00281,JEEVAN-D-00281,Vedika Bassi,AB-,9666948195,donor281@jeevan-demo.local,10.674129,76.115354,2025-10-21,8,41.66,False,True,synthetic_demo
DON00282,JEEVAN-D-00282,Kritika Wali,AB+,9348157519,donor282@jeevan-demo.local,10.503801,76.23921,2025-07-27,1,65.32,True,True,synthetic_demo
DON00283,JEEVAN-D-00283,Pahal Parekh,B-,9768670041,donor283@jeevan-demo.local,10.621577,76.350665,2025-10-22,4,44.44,True,True,synthetic_demo
DON00284,JEEVAN-D-00284,Prisha Pathak,A-,9091434237,donor284@jeevan-demo.local,10.855392,76.296457,2025-10-13,11,81.17,False,True,synthetic_demo
DON00285,JEEVAN-D-00285,Ranbir Mohan,AB-,9169163574,donor285@jeevan-demo.local,10.335908,76.39652,2026-09-21,1,48.73,False,True,synthetic_demo
DON00286,JEEVAN-D-00286,David Varghese,B+,9047857959,donor286@jeevan-demo.local,10.551567,76.578841,2025-11-11,6,97.42,False,True,synthetic_demo
DON00287,JEEVAN-D-00287,Pahal Mohan,A+,9657937246,donor287@jeevan-demo.local,10.437247,76.274725,2026-03-03,4,66.71,True,True,synthetic_demo
DON00288,JEEVAN-D-00288,Patrick Saran,B+,9018916888,donor288@jeevan-demo.local,10.41852,76.543825,2026-06-03,11,52.76,True,True,synthetic_demo
DON00289,JEEVAN-D-00289,Gaurav Tailor,AB+,9265734325,donor289@jeevan-demo.local,10.300176,76.028319,2026-09-25,2,96.24,False,True,synthetic_demo
DON00290,JEEVAN-D-00290,Nathan Sankaran,O+,9256542249,donor290@jeevan-demo.local,10.646516,76.034054,2026-04-16,6,71.09,True,True,synthetic_demo
DON00291,JEEVAN-D-00291,Christopher Chhabra,O+,9684387351,donor291@jeevan-demo.local,10.855519,76.455445,2026-01-21,11,56.84,True,True,synthetic_demo
DON00292,JEEVAN-D-00292,Ansh Jhaveri,O-,9517800697,donor292@jeevan-demo.local,10.413144,76.10435,2026-01-23,3,96.05,True,True,synthetic_demo
DON00293,JEEVAN-D-00293,Eta Ganesan,AB+,9427655866,donor293@jeevan-demo.local,10.271076,76.341028,2026-01-17,1,69.75,True,True,synthetic_demo
DON00294,JEEVAN-D-00294,Shravya Narain,AB-,9108830395,donor294@jeevan-demo.local,10.566275,76.335028,2026-02-21,5,72.71,True,True,synthetic_demo
DON00295,JEEVAN-D-00295,Gautam Rajagopalan,AB-,9446939910,donor295@jeevan-demo.local,10.750986,76.248393,2026-01-19,11,51.26,False,True,synthetic_demo
DON00296,JEEVAN-D-00296,Kalpit Rattan,O-,9633997207,donor296@jeevan-demo.local,10.170801,75.854036,2026-02-17,9,79.25,True,True,synthetic_demo
DON00297,JEEVAN-D-00297,Samesh Gade,A+,9229373491,donor297@jeevan-demo.local,10.590423,76.408447,2025-10-05,6,78.95,True,True,synthetic_demo
DON00298,JEEVAN-D-00298,Anamika Savant,O-,9630548554,donor298@jeevan-demo.local,10.480221,76.290165,2025-08-22,8,86.74,False,True,synthetic_demo
DON00299,JEEVAN-D-00299,Laksh Zacharia,O+,9806928190,donor299@jeevan-demo.local,10.653147,76.351701,2025-07-01,3,63.27,True,True,synthetic_demo
DON00300,JEEVAN-D-00300,Atharv Shanker,B+,9396628177,donor300@jeevan-demo.local,10.684863,76.424289,2025-11-19,4,70.67,False,True,synthetic_demo
