match_id,request_id,blood_bank_id,donor_id,score,distance_km,units_available,status,synthetic,source
MAT00001,REQ00089,BB0008,DON00270,79.6457,36.45,1,accepted,True,synthetic_demo
MAT00002,REQ00022,BB0002,DON00054,62.6305,32.4,8,contacted,True,synthetic_demo
MAT00003,REQ00045,BB0004,DON00013,68.1463,15.28,8,accepted,True,synthetic_demo
MAT00004,REQ00067,BB0009,DON00034,97.1619,7.91,8,contacted,True,synthetic_demo
MAT00005,REQ00080,BB0006,DON00124,71.0058,8.34,3,accepted,True,synthetic_demo
MAT00006,REQ00090,BB0014,DON00056,49.4502,19.49,1,accepted,True,synthetic_demo
MAT00007,REQ00007,BB0015,DON00024,47.839,36.13,7,suggested,True,synthetic_demo
MAT00008,REQ00059,BB0015,DON00188,96.5944,15.83,10,completed,True,synthetic_demo
MAT00009,REQ00069,BB0006,DON00278,94.0423,22.88,10,completed,True,synthetic_demo
MAT00010,REQ00014,BB0002,DON00074,72.8689,18.37,2,accepted,True,synthetic_demo
MAT00011,REQ00073,BB0009,DON00285,90.4217,26.98,9,completed,True,synthetic_demo
MAT00012,REQ00019,BB0005,DON00213,85.072,31.44,4,contacted,True,synthetic_demo
MAT00013,REQ00068,BB0007,DON00105,54.4492,23.56,6,accepted,True,synthetic_demo
MAT00014,REQ00014,BB0012,DON00017,69.6741,6.97,2,accepted,True,synthetic_demo
MAT00015,REQ00092,BB0013,DON00137,95.1233,29.04,1,completed,True,synthetic_demo
MAT00016,REQ00081,BB0007,DON00109,51.6688,20.16,5,suggested,True,synthetic_demo
MAT00017,REQ00040,BB0010,DON00227,51.2406,21.44,6,contacted,True,synthetic_demo
MAT00018,REQ00035,BB0013,DON00144,80.0612,6.37,10,contacted,True,synthetic_demo
MAT00019,REQ00027,BB0002,DON00256,76.3067,15.18,4,completed,True,synthetic_demo
MAT00020,REQ00027,BB0015,DON00090,60.6802,38.47,1,suggested,True,synthetic_demo
MAT00021,REQ00033,BB0007,DON00265,96.1669,22.93,8,contacted,True,synthetic_demo
MAT00022,REQ00094,BB0014,DON00246,74.1624,30.32,4,completed,True,synthetic_demo
MAT00023,REQ00015,BB0008,DON00118,87.1414,30.12,6,completed,True,synthetic_demo
MAT00024,REQ00084,BB0006,DON00247,50.2654,31.41,1,completed,True,synthetic_demo
MAT00025,REQ00011,BB0004,DON00186,45.6649,6.78,8,suggested,True,synthetic_demo
MAT00026,REQ00034,BB0008,DON00013,53.8104,12.96,5,contacted,True,synthetic_demo
MAT00027,REQ00061,BB0004,DON00212,78.9704,28.69,5,accepted,True,synthetic_demo
MAT00028,REQ00033,BB0012,DON00157,79.1462,19.74,3,completed,True,synthetic_demo
MAT00029,REQ00018,BB0015,DON00160,62.5101,2.21,5,suggested,True,synthetic_demo
MAT00030,REQ00069,BB0004,DON00087,82.0428,14.11,6,contacted,True,synthetic_demo
MAT00031,REQ00054,BB0010,DON00246,65.0619,12.31,1,accepted,True,synthetic_demo
MAT00032,REQ00062,BB0001,DON00223,78.5927,5.1,5,suggested,True,synthetic_demo
MAT00033,REQ00004,BB0007,DON00290,52.5822,11.05,2,accepted,True,synthetic_demo
MAT00034,REQ00067,BB0006,DON00189,82.3867,12.6,5,contacted,True,synthetic_demo
MAT00035,REQ00094,BB0005,DON00081,66.2927,9.16,1,accepted,True,synthetic_demo
MAT00036,REQ00008,BB0015,DON00225,66.7576,38.89,1,completed,True,synthetic_demo
MAT00037,REQ00053,BB0006,DON00008,74.5311,11.62,2,contacted,True,synthetic_demo
MAT00038,REQ00080,BB0011,DON00121,65.7277,16.7,3,completed,True,synthetic_demo
MAT00039,REQ00075,BB0006,DON00206,93.2838,33.37,5,accepted,True,synthetic_demo
MAT00040,REQ00013,BB0001,DON00246,97.4569,15.34,4,completed,True,synthetic_demo
MAT00041,REQ00020,BB0013,DON00242,76.5024,29.79,1,completed,True,synthetic_demo
MAT00042,REQ00080,BB0014,DON00085,53.5349,24.23,8,accepted,True,synthetic_demo
MAT00043,REQ00071,BB0005,DON00280,75.5954,24.83,2,completed,True,synthetic_demo
MAT00044,REQ00063,BB0014,DON00174,64.9593,8.94,5,contacted,True,synthetic_demo
MAT00045,REQ00071,BB0002,DON00195,55.0816,5.9,8,contacted,True,synthetic_demo
MAT00046,REQ00100,BB0014,DON00099,48.3097,29.3,7,contacted,True,synthetic_demo
MAT00047,REQ00061,BB0012,DON00044,75.4788,35.04,7,suggested,True,synthetic_demo
MAT00048,REQ00020,BB0007,DON00182,68.6796,11.96,9,contacted,True,synthetic_demo
MAT00049,REQ00025,BB0009,DON00159,60.3627,32.26,4,accepted,True,synthetic_demo
MAT00050,REQ00003,BB0007,DON00065,64.2405,35.67,10,suggested,True,synthetic_demo
MAT00051,REQ00034,BB0004,DON00160,88.6586,12.16,5,completed,True,synthetic_demo
MAT00052,REQ00076,BB0004,DON00017,91.2341,38.34,7,accepted,True,synthetic_demo
MAT00053,REQ00075,BB0003,DON00231,55.6464,9.82,3,contacted,True,synthetic_demo
MAT00054,REQ00009,BB0001,DON00106,66.6652,1.0,6,accepted,True,synthetic_demo
MAT00055,REQ00051,BB0008,DON00032,93.3913,22.33,5,suggested,True,synthetic_demo
MAT00056,REQ00061,BB0002,DON00216,66.6215,27.34,7,suggested,True,synthetic_demo
MAT00057,REQ00090,BB0007,DON00297,79.0185,25.29,9,completed,True,synthetic_demo
MAT00058,REQ00052,BB0011,DON00220,79.7517,37.83,8,suggested,True,synthetic_demo
MAT00059,REQ00074,BB0008,DON00231,80.6988,37.83,2,completed,True,synthetic_demo
MAT00060,REQ00038,BB0003,DON00172,66.8848,20.23,10,contacted,True,synthetic_demo
MAT00061,REQ00092,BB0010,DON00008,98.868,17.68,2,contacted,True,synthetic_demo
MAT00062,REQ00065,BB0009,DON00061,83.3702,4.0,4,accepted,True,synthetic_demo
MAT00063,REQ00046,BB0007,DON00106,55.0396,25.3,1,suggested,True,synthetic_demo
MAT00064,REQ00049,BB0006,DON00063,69.6245,30.86,6,suggested,True,synthetic_demo
MAT00065,REQ00011,BB0002,DON00042,48.4657,10.31,1,contacted,True,synthetic_demo
MAT00066,REQ00037,BB0011,DON00076,91.3423,23.15,6,accepted,True,synthetic_demo
MAT00067,REQ00023,BB0010,DON00144,52.2602,7.58,10,accepted,True,synthetic_demo
MAT00068,REQ00071,BB0008,DON00206,97.4295,26.03,6,completed,True,synthetic_demo
MAT00069,REQ00077,BB0012,DON00001,90.3952,33.88,4,contacted,True,synthetic_demo
MAT00070,REQ00085,BB0004,DON00111,90.6941,38.25,1,contacted,True,synthetic_demo
MAT00071,REQ00026,BB0005,DON00082,79.3756,5.6,3,accepted,True,synthetic_demo
MAT00072,REQ00025,BB0004,DON00060,77.464,24.78,7,contacted,True,synthetic_demo
MAT00073,REQ00033,BB0006,DON00128,70.3796,2.32,1,suggested,True,synthetic_demo
MAT00074,REQ00036,BB0004,DON00225,81.1927,4.96,1,contacted,True,synthetic_demo
MAT00075,REQ00015,BB0005,DON00277,80.8442,36.76,8,completed,True,synthetic_demo
MAT00076,REQ00041,BB0011,DON00056,87.466,19.72,8,suggested,True,synthetic_demo
MAT00077,REQ00071,BB0009,DON00054,94.3306,12.57,4,contacted,True,synthetic_demo
MAT00078,REQ00073,BB0006,DON00151,93.9024,24.29,3,contacted,True,synthetic_demo
MAT00079,REQ00013,BB0009,DON00291,89.3284,12.26,7,completed,True,synthetic_demo
MAT00080,REQ00099,BB0003,DON00274,50.9628,17.16,3,suggested,True,synthetic_demo
MAT00081,REQ00005,BB0011,DON00181,78.5682,30.5,6,contacted,True,synthetic_demo
MAT00082,REQ00084,BB0009,DON00136,67.2071,15.1,5,accepted,True,synthetic_demo
MAT00083,REQ00098,BB0001,DON00134,52.9588,1.2,8,contacted,True,synthetic_demo
MAT00084,REQ00073,BB0004,DON00279,88.2235,20.01,2,contacted,True,synthetic_demo
MAT00085,REQ00091,BB0006,DON00157,54.5102,8.72,7,accepted,True,synthetic_demo
MAT00086,REQ00091,BB0013,DON00192,57.1754,5.14,10,accepted,True,synthetic_demo
MAT00087,REQ00050,BB0001,DON00294,62.0126,12.43,10,suggested,True,synthetic_demo
MAT00088,REQ00057,BB0012,DON00252,64.5668,32.38,6,completed,True,synthetic_demo
MAT00089,REQ00021,BB0010,DON00056,49.1598,22.41,1,contacted,True,synthetic_demo
MAT00090,REQ00007,BB0010,DON00174,79.9039,32.04,6,suggested,True,synthetic_demo
MAT00091,REQ00042,BB0001,DON00074,76.2502,29.21,3,contacted,True,synthetic_demo
MAT00092,REQ00052,BB0010,DON00127,58.5345,39.84,8,completed,True,synthetic_demo
MAT00093,REQ00037,BB0002,DON00267,52.2759,3.21,9,suggested,True,synthetic_demo
MAT00094,REQ00006,BB0014,DON00193,76.3197,8.3,4,contacted,True,synthetic_demo
MAT00095,REQ00013,BB0002,DON00275,95.6683,5.83,10,accepted,True,synthetic_demo
MAT00096,REQ00049,BB0009,DON00207,58.9712,20.65,8,contacted,True,synthetic_demo
MAT00097,REQ00033,BB0013,DON00162,98.0475,6.23,4,suggested,True,synthetic_demo
MAT00098,REQ00012,BB0004,DON00158,74.7561,5.24,10,completed,True,synthetic_demo
MAT00099,REQ00005,BB0007,DON00079,49.1803,19.35,2,suggested,True,synthetic_demo
MAT00100,REQ00075,BB0005,DON00155,72.7502,21.12,5,completed,True,synthetic_demo
MAT00101,REQ00096,BB0001,DON00104,92.1176,7.7,1,contacted,True,synthetic_demo
MAT00102,REQ00067,BB0004,DON00223,71.8357,30.99,7,suggested,True,synthetic_demo
MAT00103,REQ00075,BB0009,DON00003,83.3764,9.18,4,suggested,True,synthetic_demo
MAT00104,REQ00079,BB0001,DON00298,48.6904,33.99,9,contacted,True,synthetic_demo
MAT00105,REQ00091,BB0007,DON00176,94.5382,6.6,4,contacted,True,synthetic_demo
MAT00106,REQ00059,BB0015,DON00100,88.5114,5.78,10,accepted,True,synthetic_demo
MAT00107,REQ00047,BB0010,DON00261,88.5673,25.07,5,completed,True,synthetic_demo
MAT00108,REQ00093,BB0006,DON00246,56.5784,6.22,10,contacted,True,synthetic_demo
MAT00109,REQ00035,BB0013,DON00194,53.9283,24.72,3,contacted,True,synthetic_demo
MAT00110,REQ00018,BB0007,DON00238,78.8787,27.44,8,contacted,True,synthetic_demo
MAT00111,REQ00043,BB0001,DON00106,77.3287,20.29,8,contacted,True,synthetic_demo
MAT00112,REQ00015,BB0014,DON00248,96.5519,29.0,2,completed,True,synthetic_demo
MAT00113,REQ00052,BB0007,DON00036,91.9763,36.21,3,accepted,True,synthetic_demo
MAT00114,REQ00094,BB0014,DON00119,75.1042,27.46,6,accepted,True,synthetic_demo
MAT00115,REQ00015,BB0001,DON00187,86.1702,2.43,4,accepted,True,synthetic_demo
MAT00116,REQ00060,BB0009,DON00133,75.2657,17.01,8,contacted,True,synthetic_demo
MAT00117,REQ00014,BB0005,DON00101,64.1153,37.85,5,suggested,True,synthetic_demo
MAT00118,REQ00002,BB0008,DON00202,54.7495,25.23,1,completed,True,synthetic_demo
MAT00119,REQ00012,BB0009,DON00294,93.1459,25.24,4,completed,True,synthetic_demo
MAT00120,REQ00026,BB0009,DON00131,60.7257,29.79,5,accepted,True,synthetic_demo
MAT00121,REQ00060,BB0003,DON00253,73.3419,6.23,6,contacted,True,synthetic_demo
MAT00122,REQ00036,BB0009,DON00274,49.1692,39.5,3,suggested,True,synthetic_demo
MAT00123,REQ00054,BB0013,DON00207,71.9655,30.65,5,completed,True,synthetic_demo
MAT00124,REQ00027,BB0010,DON00214,74.5486,1.21,10,completed,True,synthetic_demo
MAT00125,REQ00080,BB0015,DON00159,80.0,26.38,2,completed,True,synthetic_demo
MAT00126,REQ00099,BB0015,DON00103,71.2838,35.15,5,accepted,True,synthetic_demo
MAT00127,REQ00040,BB0002,DON00145,85.1302,27.37,1,completed,True,synthetic_demo
MAT00128,REQ00035,BB0013,DON00061,55.0587,35.32,3,suggested,True,synthetic_demo
MAT00129,REQ00031,BB0007,DON00221,52.0126,3.94,1,contacted,True,synthetic_demo
MAT00130,REQ00022,BB0014,DON00288,51.6674,20.58,5,completed,True,synthetic_demo
MAT00131,REQ00095,BB0007,DON00191,93.4095,17.05,9,contacted,True,synthetic_demo
MAT00132,REQ00093,BB0014,DON00256,67.2595,10.79,6,contacted,True,synthetic_demo
MAT00133,REQ00021,BB0013,DON00034,97.4307,37.72,3,contacted,True,synthetic_demo
MAT00134,REQ00089,BB0008,DON00192,77.7779,5.99,5,accepted,True,synthetic_demo
MAT00135,REQ00012,BB0007,DON00034,70.2322,3.06,8,contacted,True,synthetic_demo
MAT00136,REQ00088,BB0003,DON00069,70.1055,9.18,8,suggested,True,synthetic_demo
MAT00137,REQ00029,BB0013,DON00121,91.3249,29.64,9,suggested,True,synthetic_demo
MAT00138,REQ00063,BB0013,DON00274,94.0164,39.37,8,suggested,True,synthetic_demo
MAT00139,REQ00095,BB0013,DON00067,98.7721,35.36,7,contacted,True,synthetic_demo
MAT00140,REQ00005,BB0014,DON00127,83.9145,2.64,9,suggested,True,synthetic_demo
MAT00141,REQ00042,BB0007,DON00165,51.8199,8.23,5,accepted,True,synthetic_demo
MAT00142,REQ00044,BB0008,DON00049,46.946,27.82,6,completed,True,synthetic_demo
MAT00143,REQ00005,BB0003,DON00219,86.5724,4.25,8,accepted,True,synthetic_demo
MAT00144,REQ00064,BB0007,DON00234,58.7899,10.12,5,completed,True,synthetic_demo
MAT00145,REQ00098,BB0005,DON00248,89.4367,10.69,5,contacted,True,synthetic_demo
MAT00146,REQ00031,BB0010,DON00289,79.0895,8.71,5,contacted,True,synthetic_demo
MAT00147,REQ00005,BB0013,DON00079,93.3352,39.53,5,completed,True,synthetic_demo
MAT00148,REQ00037,BB0002,DON00116,69.1636,29.87,7,suggested,True,synthetic_demo
MAT00149,REQ00030,BB0013,DON00065,47.9711,2.79,9,contacted,True,synthetic_demo
MAT00150,REQ00089,BB0006,DON00268,93.3328,26.83,9,contacted,True,synthetic_demo
