reservation_id,request_id,inventory_id,units_reserved,expires_at,status,synthetic,source
RES00001,REQ00051,INV00098,5,2026-10-03,active,True,synthetic_demo
RES00002,REQ00093,INV00076,3,2026-10-05,active,True,synthetic_demo
RES00003,REQ00056,INV00086,4,2026-10-03,confirmed,True,synthetic_demo
RES00004,REQ00041,INV00099,1,2026-10-03,completed,True,synthetic_demo
RES00005,REQ00078,INV00006,3,2026-10-05,expired,True,synthetic_demo
RES00006,REQ00088,INV00107,1,2026-10-03,confirmed,True,synthetic_demo
RES00007,REQ00052,INV00016,1,2026-10-04,confirmed,True,synthetic_demo
RES00008,REQ00098,INV00112,2,2026-10-06,confirmed,True,synthetic_demo
RES00009,REQ00095,INV00116,3,2026-10-06,completed,True,synthetic_demo
RES00010,REQ00094,INV00021,5,2026-10-04,confirmed,True,synthetic_demo
RES00011,REQ00079,INV00091,4,2026-10-03,confirmed,True,synthetic_demo
RES00012,REQ00088,INV00100,4,2026-10-04,completed,True,synthetic_demo
RES00013,REQ00081,INV00061,3,2026-10-05,active,True,synthetic_demo
RES00014,REQ00029,INV00079,4,2026-10-04,confirmed,True,synthetic_demo
RES00015,REQ00056,INV00022,3,2026-10-03,active,True,synthetic_demo
RES00016,REQ00015,INV00110,2,2026-10-04,active,True,synthetic_demo
RES00017,REQ00015,INV00106,3,2026-10-05,active,True,synthetic_demo
RES00018,REQ00097,INV00092,4,2026-10-02,active,True,synthetic_demo
RES00019,REQ00037,INV00116,3,2026-10-03,active,True,synthetic_demo
RES00020,REQ00098,INV00007,2,2026-10-03,confirmed,True,synthetic_demo
RES00021,REQ00046,INV00055,3,2026-10-03,completed,True,synthetic_demo
RES00022,REQ00100,INV00107,1,2026-10-03,completed,True,synthetic_demo
RES00023,REQ00040,INV00107,1,2026-10-06,completed,True,synthetic_demo
RES00024,REQ00080,INV00040,1,2026-10-02,expired,True,synthetic_demo
RES00025,REQ00002,INV00054,2,2026-10-04,expired,True,synthetic_demo
RES00026,REQ00052,INV00004,4,2026-10-06,completed,True,synthetic_demo
RES00027,REQ00026,INV00066,5,2026-10-05,completed,True,synthetic_demo
RES00028,REQ00097,INV00083,3,2026-10-05,completed,True,synthetic_demo
RES00029,REQ00082,INV00107,2,2026-10-04,expired,True,synthetic_demo
RES00030,REQ00041,INV00052,4,2026-10-06,confirmed,True,synthetic_demo
RES00031,REQ00100,INV00066,5,2026-10-05,active,True,synthetic_demo
RES00032,REQ00033,INV00088,2,2026-10-02,expired,True,synthetic_demo
RES00033,REQ00090,INV00107,1,2026-10-05,confirmed,True,synthetic_demo
RES00034,REQ00044,INV00021,3,2026-10-04,expired,True,synthetic_demo
RES00035,REQ00026,INV00020,4,2026-10-06,confirmed,True,synthetic_demo
RES00036,REQ00016,INV00016,5,2026-10-04,completed,True,synthetic_demo
RES00037,REQ00017,INV00089,4,2026-10-04,expired,True,synthetic_demo
RES00038,REQ00064,INV00046,3,2026-10-02,active,True,synthetic_demo
RES00039,REQ00024,INV00111,4,2026-10-02,completed,True,synthetic_demo
RES00040,REQ00082,INV00062,3,2026-10-06,completed,True,synthetic_demo
RES00041,REQ00068,INV00099,5,2026-10-03,confirmed,True,synthetic_demo
RES00042,REQ00007,INV00008,5,2026-10-05,confirmed,True,synthetic_demo
RES00043,REQ00019,INV00032,4,2026-10-02,expired,True,synthetic_demo
RES00044,REQ00045,INV00102,2,2026-10-05,confirmed,True,synthetic_demo
RES00045,REQ00067,INV00002,1,2026-10-04,active,True,synthetic_demo
RES00046,REQ00070,INV00095,4,2026-10-02,expired,True,synthetic_demo
RES00047,REQ00100,INV00003,3,2026-10-02,expired,True,synthetic_demo
RES00048,REQ00044,INV00078,2,2026-10-06,expired,True,synthetic_demo
RES00049,REQ00014,INV00055,5,2026-10-04,completed,True,synthetic_demo
RES00050,REQ00008,INV00050,2,2026-10-02,expired,True,synthetic_demo
RES00051,REQ00072,INV00043,1,2026-10-04,active,True,synthetic_demo
RES00052,REQ00051,INV00079,1,2026-10-06,active,True,synthetic_demo
RES00053,REQ00086,INV00068,2,2026-10-04,active,True,synthetic_demo
RES00054,REQ00064,INV00022,3,2026-10-02,completed,True,synthetic_demo
RES00055,REQ00077,INV00093,2,2026-10-06,expired,True,synthetic_demo
RES00056,REQ00100,INV00037,2,2026-10-03,completed,True,synthetic_demo
RES00057,REQ00012,INV00058,3,2026-10-05,completed,True,synthetic_demo
RES00058,REQ00038,INV00088,4,2026-10-04,expired,True,synthetic_demo
RES00059,REQ00035,INV00086,2,2026-10-06,completed,True,synthetic_demo
RES00060,REQ00100,INV00102,2,2026-10-06,completed,True,synthetic_demo
RES00061,REQ00038,INV00017,2,2026-10-03,active,True,synthetic_demo
RES00062,REQ00095,INV00022,4,2026-10-04,active,True,synthetic_demo
RES00063,REQ00095,INV00098,5,2026-10-03,expired,True,synthetic_demo
RES00064,REQ00017,INV00023,4,2026-10-05,confirmed,True,synthetic_demo
RES00065,REQ00070,INV00058,4,2026-10-02,confirmed,True,synthetic_demo
RES00066,REQ00058,INV00080,3,2026-10-04,expired,True,synthetic_demo
RES00067,REQ00078,INV00118,2,2026-10-02,expired,True,synthetic_demo
RES00068,REQ00012,INV00091,1,2026-10-05,expired,True,synthetic_demo
RES00069,REQ00088,INV00091,5,2026-10-02,confirmed,True,synthetic_demo
RES00070,REQ00011,INV00047,2,2026-10-06,active,True,synthetic_demo
RES00071,REQ00085,INV00054,1,2026-10-05,confirmed,True,synthetic_demo
RES00072,REQ00069,INV00069,5,2026-10-02,completed,True,synthetic_demo
RES00073,REQ00024,INV00061,4,2026-10-06,expired,True,synthetic_demo
RES00074,REQ00082,INV00002,3,2026-10-03,completed,True,synthetic_demo
RES00075,REQ00060,INV00067,2,2026-10-06,active,True,synthetic_demo
RES00076,REQ00087,INV00108,2,2026-10-02,confirmed,True,synthetic_demo
RES00077,REQ00029,INV00009,1,2026-10-05,completed,True,synthetic_demo
RES00078,REQ00035,INV00016,3,2026-10-06,active,True,synthetic_demo
RES00079,REQ00091,INV00069,3,2026-10-02,confirmed,True,synthetic_demo
RES00080,REQ00095,INV00092,2,2026-10-02,completed,True,synthetic_demo
RES00081,REQ00041,INV00028,5,2026-10-04,confirmed,True,synthetic_demo
RES00082,REQ00053,INV00025,5,2026-10-04,confirmed,True,synthetic_demo
RES00083,REQ00089,INV00093,5,2026-10-03,confirmed,True,synthetic_demo
RES00084,REQ00018,INV00026,5,2026-10-06,confirmed,True,synthetic_demo
RES00085,REQ00089,INV00031,1,2026-10-04,active,True,synthetic_demo
RES00086,REQ00001,INV00119,5,2026-10-02,active,True,synthetic_demo
RES00087,REQ00054,INV00048,2,2026-10-05,confirmed,True,synthetic_demo
RES00088,REQ00070,INV00114,2,2026-10-04,completed,True,synthetic_demo
RES00089,REQ00042,INV00113,1,2026-10-06,confirmed,True,synthetic_demo
RES00090,REQ00005,INV00104,2,2026-10-05,expired,True,synthetic_demo
RES00091,REQ00037,INV00096,3,2026-10-02,active,True,synthetic_demo
RES00092,REQ00014,INV00090,2,2026-10-06,completed,True,synthetic_demo
RES00093,REQ00044,INV00057,4,2026-10-04,completed,True,synthetic_demo
RES00094,REQ00003,INV00053,5,2026-10-05,active,True,synthetic_demo
RES00095,REQ00022,INV00101,2,2026-10-02,confirmed,True,synthetic_demo
RES00096,REQ00010,INV00084,3,2026-10-02,completed,True,synthetic_demo
RES00097,REQ00031,INV00080,5,2026-10-05,expired,True,synthetic_demo
RES00098,REQ00034,INV00033,2,2026-10-05,completed,True,synthetic_demo
RES00099,REQ00046,INV00077,4,2026-10-05,completed,True,synthetic_demo
RES00100,REQ00008,INV00034,2,2026-10-03,expired,True,synthetic_demo
