S. No,NAME OF THE BLOOD BANK,LICENCE NUMBER,DATED,VALID UP TO
1,"Madras Egmore  And Research Foundation,
No. 130, Marshalls Road, Egmore,Chennai-600 008.
","2/28C 
","25.10.1999
",31.12.2015
2,"Erode Blood Bank & Clinical Laboratory, 
No. 54, Patel Road, Erode - 638 001.
 
","3/28C

","16.08.2007
",15.08.2012
3,"Sri Gokulam Hospital (P) Ltd, 
No. 3/60, Mayanur Road, Salem - 636 004.",4/28C,"27.11.2012
",26.11.2017
4,"KMC Speciality Hospitals (I)  Ltd, 
No. 6 Royal Road, Trichy 620 001.
","6/28C 
","24.10.2008
",24.10.2018
5,"Sheela Hospitals (P) Ltd..,No. 46, Power House Road,Coimbatore - 641012.","7/28C
","06.10.1994
",31.12.2021
6,"Indian Red Cross Society,Tamil Nadu Branch,No. 50,  Montieth Road,  Egmore,Chennai - 600 008.","8/28C 
","05.10.1994
",31.12.2011
7,"Sai Blood Bank & Clinical Laboratory,No, 114, Chidambaranar Street,Sankaran Koil Road, Rajapalayam. ","10/28C 
","16.08.2004
",15.08.2009
8,"Satyam Blood Bank, 
No. 21C, Old Kuyavar Palayam Road,   Madurai - 625 009.
","11/28C
","27.10.1994
",31.12.2011
9,"Rotary Central  TTK Voluntary Health Services., 
(Dr. Raganathan Memorial Blood Bank) Adyar, Chennai - 600 113.","15/28C 
"," 03.07.2002
",02.07.2022
10,"Virudhunagar Hindu Nadar V. Dhanasamy Parimala Devi Medical Trust,
No.38, North Car Street, Virudhunagar - 626 001.","20/28C
","22.12.1994
",31.12.2016
11,"Sithi Vinayagar Blood Bank,No.1C,  Vidhyalaya Road, Salem - 636 007.","21/28C 
","24.01.1995
",31.12.2017
12,"K. Govindasamy Naidu Memorial Trust, 
KG. Hospital,
Arts College Road, Coimbatore - 641018.
","22/28C 
","15.02.1995
",31.12.2021
13,"G. Kuppusamy Naidu Memorial Hospital, 
Pappanaicken Palayam,Coimbatore 641 037.","23/28C 
","01.07.2005
",30.06.2020
14,"Meenakshi Mission Hospital and Research Centre, 
Lake Area Melur Road,  Madurai - 625 107.
","26/28C 
","14.02.1995
",31.12.2017
15,"PSG Hospital, 
Avinashi Road, Coimbatore - 641 004.
","28/28C 
","18.08.2004
",17.08.2019
16,"Sri Kaali Blood Bank, 
No. 32 Thirunagar, Thanjavur-9.
",38/28C ,16.01.2014,15.01.2019
17,"AV  Rajan Blood Transfusion Services Clinical and Research Laboratories, 
No. 20/6-75, PWD Road, Rajappa Campus, Chettikulam, Nagercoil - 629 012.
",39/28C,19.09.1995,31.12.2007
18,"Rajah Muthiah Medical College & Hospital, 
Annamalai Nagar -  608 202, Chidambaram.
","41/28C
","08.12.1995
",31.12.2017
19,"AA Lab Services,
No.12,  5th Street Lake Area,  Nungambakkam, Chennai - 600 034.
",43/28C   ,13.12.1995,31.12.2012
20,"Vikram Clinical Blood Bank, No. 409,  Periakulam Road, Theni - 626 531.","46/28C 
","03.01.1996
",15.06.2011
21,"Annai Abirami Blood Bank,
No. 171/1(158), South Masi Street, Madurai - 625 001.
","50/28C 
"," 09.07.2009
",08.07.2014
22,"Blood Bank of Bharath,
No. 15A,  Rishi Complex II Floor,  Main Road, Thillainagar,  Trichy -18.
","54/28C
","03.04.1996
",31.12.2011
23,"CMC Hospital, 
IDA Seudar Road, Vellore - 632004.","57/28C 
","10.05.1996
",31.12.2011
24,"Church of South India Mission General Hospital, 
Woriyar, Trichy -  620 003.","62/28C 
","10.09.1996
",31.12.2011
25,"Kovai Medical Centre and Hospital Blood Bank, 
Avanishi Road,  Civil Aerodrum, Coimbatore - 641014.
","68/28C 
","29.08.1996
",31.12.2021
26,"Madras Medical Mission,
(Registered under Tamil Nadu Societies Registration Act,  1975)No. 4A, Dr.Jayalalitha Nagar, Mogapair,  Chennai - 600 037.
","69/28C
","28.10.1996
",31.12.2021
27,"Ramakrishna Hospital Blood Bank,
No. 395,  Sarojini Naidu Road, Coimbatore - 641 044.
","71/28C 
",20.01.1996,31.12.2021
28,"Sri Venkateswara Hospital, 
No.16, Kamalayam West Bank, Thiruvarur.
",77/28C ,"07.02.2003
",06.02.2018
29,"Blood Donor Association,
No. 17A, Hospital Road, Cuddalore-607001.
","120/28C  
","07.04.1997
",31.12.2007
30,"Sri Kaali Blood Bank, 
No. 165A, Gandhi Adigal Salai, Kumbakonam.
","124/28C  
","16.01.2014
",15.01.2019
31,"Cancer Institute , (WIA) 
Adyar, Chennai - 600 020.
",126/28C ,"13.05.1997
",31.12.2017
32,"Bethel Blood Bank, 
No. 17,  Thiruchendur  Road, Palayamkottai, Tirunelveli -  627 002.
","130/28C 
","20.05.1997
",31.12.2015
33,"Vivek Blood Bank, 
No. 253,  K12,  K.P. Road, Nagercoil -  629 003.
",131/28C,"02.06.1997
",31.12.2017
34,"Vignesh Blood Bank, 
No. 101,  Sivaganga Road, Madurai -  625 020.
",134/28C,"15.07.1997
",31.12.2007
35,"Christian Fellowship Community Health Centre, 
Shanthipuram, Ambilikari - 624 612, Dindigul District.
",148/28C,"17.04.1998
",31.12.2016
36,"Vijaya Hospital, 
No.180, N.S.K. Salai Vadapalani, Chennai  - 600 026.
",151/28C ,"29.06.1998
",31.12.2021
37,"Dr. Jayasekaran Medical Trust & Nursing Home, 
No. 253 G.K.P. Road Nagercoil, Nagercoil – 629 003.
","152/28C
","20.07.1998
",21.02.2016
38,"Thai Moogambigai Blood Bank &Clinical Laboratory, 
No. 3 Ground Floor (Northern Side) Javahar Cross Street,  Gandhi Nagar,  Madurai - 20.
",157/28C,"25.11.1998
",31.12.2011
39,"Friends Blood Bank (Run by Ayyamperumal Dakshinamurthy Trust) 
No. 7C , Williams Road Contonment, Trichy -1.
",158/28C ,"10.06.2013
",09.06.2018
40,"The Apollo Speciality Hospital,
No.14, Deputy Collectors Colony, Lake View Road, K.K. Nagar, Madurai - 625 020.
","162/28C
","03.05.1999
",31.12.2017
41,"Hindu Mission Hospital, 
No. 36,  G.S.T Road, Tambaram West, Chennai - 600045.
",169/28C ,"10.11.1999
",31.12.2017
42,"Dhanvandri Blood Bank & Research Centre, (Sreemahalakshmi Charitable Health Trust), 
F/1, 52A, South West Boag Road, T.Nagar,  Chennai - 600017.
",174/28C,"03.02.2000
",31.12.2021
43,"Kasturba Hospital, 
Gandhigram - 624302, Dindugul District.
","175/28C
","25.02.2000
",31.12.2021
44,"Melmaruvathur  Adiparasakthi  Institute of Medical Sciences & Research.,
(A unit of Adiparasuthi Charitable Medical Eductional Cultural Trust), 
Melmaruvathur - 603 319.
","176/28C 
","04.04.2000
",31.12.2021
45,"Leonard Hospital,
Batlagundu, Dindigul District - 624 202.
",179/28C ,"31.10.2000
",31.12.2021
46,"Lions Blood Bank &Research Centre,
Doctors Plaza No. 5A/1  V.O.C. Street,  Opp to Shanmugan Road, West Tambram,   Chennai - 45.
",181/28C ,"10.01.2001
",31.12.2007
47,"Lakshminarayana Blood Bank, 
No. 190 ,11th Cross Arulananda Ammal Nagar, Thanjavur - 613 007.
","184/28C 
","12.03.2001
",31.12.2007
48,"Kongu Blood Bank, (Run by Maruthi Charitable Trust)
No. 510/4,  1st floor, Perundurai Road, Erode - 638 011.","185/28C 
","05.08.2010
",30.06.2020
49,"Ashok Blood Bank & Clinical Laboratory, 
No. 63A, Sengodipuram Road,  2nd Floor, Dharmapuri-  636 702.
",186/28C ,"09.12.2000
",31.12.2021
50,"Victory Blood Bank, (Run by Sshrimathi Vijaya Health & Educational Trust),No.95, Salai Road, Woraiyur, Trichy - 620 003.",187/28C      ,13.04.2013 ,12.04.2018
51,"Sri Ram Blood Bank, (Run by Sri Ram Blood Bank Trust)
No. 29 N.S. Complex,  Near Hospital Road, Gobichettipalayam, Erode District
",190/28C,01.11.2015,31.10.2020
52,"Ganga Hospital Blood Bank, 
No. 109, 11th Street,  Tatabad, Coimbatore - 641012.
","198/28C 
","09.07.2007
",08.07.2017
53,"D.S.K. Medic (P) Ltd., 
No. 19,  Kathir Nagar,  Kankeyam Main Road, Tiruppur - 641604.
","199/28C  
","21.05.2002
",20.05.2012
54,"Lotus Blood Bank, 
(Lotus Apollo Hospital) Poonthurai Main Road Erode-2
",200/28C ,"27.05.2004
",26.05.2017
55,"Shifa Hospitals., 
No. 82,  Kailasapuram middle Street,  3rd Floor, Tirunelveli - 627 001.
",201/28C ,"13.07.2009
",31.05.2017
56,"Udumalpet Indian Medical Association Rotary Blood Bank UKP-IMA Building, K.P.N. Nagar, Gandhinagar Post, Udumalpet - 642154.
",202/28C,"22.07.2002
",21.07.2017
57,"AVM Hospital Blood Bank, 
AVM Marimuthy Nadar Trust , AVM Associates Pvt Ltd, 
No. 135, Palayamkottai Road, Tuticorin-3.
",203/28C ,"07.10.2002
",06.10.2012
58,"Meenakshi Medical College Hospital and Research Institute,
Pettai Enathur Post, Kancheepuram - 631552.",204/28C ,"01.11.2002
",31.10.2017
59,"W/BRO V. Surendranath Reddy Memorial Trust (Masonic Blood Bank), 
No. 5/2,  New Katpadi Road, Opp to Hotal Riverview, Vellore - 632004.",207/28C,"26.02.2003
",25.02.2018
60,"Madhura Blood Bank, (Run by Shri SIBI Charitable Trust)
51 A, Harvey Nagar Main Road, Arasaradi, Madurai - 625 011.
",208/28C    ,26.02.2003,25.02.2018
61,"Bethesda Hospital Blood Bank, 
PB No. 56,  Ambur - 635802, Vellore District.
",210/28C   ,07.04.2003,06.04.2013
62,"Aarthi Hospital & Diagnostic Centre Blood Bank,No. 177/A-22/2,  Trivandrum High Road, Vannarapettai, Tirunelveli - 627003.",212/28C,21.05.2008,20.05.2018
63,"Hi Tech Blood Bank & Research Foundation,
No. 2, Chinnappa Mudali Street,  Manja Kuppam,  Cuddalore -1.",213/28C,16.05.2003,15.05.2008
64,"Karunya Hospital Blood Bank, 
No.46, 1st Cross Co-Operative Colony, Krishnagiri-635001.
",221/28C ,26.08.2003,25.08.2018
65,"Sree Balaji General Hospital Blood Bank, 
No. 7, Works Road, Chrompet,Chennai - 600044.
",222/28C   ,11.09.2003,10.09.2018
66,"Indian Medical Centre,Dr Kumarsawamy Health Center, Perumal Puram Kottaram Post, Kanyakumari District - 629703.",223/28C   ,15.09.2003,14.09.2018
67,"Sri Kumaran Hospital Blood Bank, 
No. 774 A-DPN Road, Near Bus Stand,  Tirupur-2.
",229/28C   ,09.12.2003,08.12.2018
68,"Christian Fellowship Hospital,
Oddanchataram - 624619, Dindigul District.
",230/28C ,14.01.2004,13.01.2019
69,"ST. Thomas Hospital Blood Bank and Leprosy Centre,
Chettupattu, Tiruvannamalai District.
",239/28C  ,26.04.2004,25.04.2019
70,"International Centre for Cardio Thoracic and Vascular Diseases 
( A unit of Frontier Lifeline Pvt.Ltd..,)
No.-R 30C, Ambathur Industrial Estate,  Chennai - 600 101.
",242/28C ,"31.05.2004
",30.05.2019
71,"Life Cell International (P)Ltd.,
S.No.48, Keelakottaiyur Village, Kelambakkam, VandalurRoad, Chennai-600048.
",251/28C ,"10.03.2005
",09.03.2015
72,"Annai Blood Bank (Run by Annai Medical Trust)
No. 67, Pappu Sahib Complex, Melamuthuraman koil Street, Tenkasi – 627811.",254/28C    ,"18.02.2005
",17.02.2010
73,"Sri Saanthi Blood (Run by Kaveri Trust)6-9, Kandappa Lane, Brough Road, Erode - 638001.
",256/28C   ,"15.03.2005
",14.03.2020
74,"Muthu Blood Bank (Muthu Charitable Trust)
No.153 Mettu St, Opp to Vegetable Market, balur, Perambalur Dist.
",258/28C ,"05.04.2005
",04.04.2020
75,"Vinayaka Mission's Kirupananda Variyar Medical College & Hospital Blood Bank,
NH 47, Sankari Main Road, Seeragapadi, Salem – 636 308
",259/28C    ,20.04.2005,19.04.2015
76,"Vadamalayan Blood Bank at Vadamalayan Hospital,No.9B, PT Rajan Road, Chokkikulam, Madurai-625002
",260/28C ,05.07.2005,04.07.2015
77,"Galaxy Hospitals,
110/E/20/1 North By Pass Road, Vannarpet, Tirunelveli - 627003
","261/28C 
","05.07.2005
",04.07.2020
78,"Lions Club of Coimbatore Legend Blood Bank Research Centre Red Rase Tower
No.422 DB Road, R.S. Puram, Coimbatore-2
",264/28C,"18.10.2005
",17.10.2010
79,"Thangam Blood Bank (Run by Thangam Chartiable Community Health Trust) 
William Hospital , Krishnan Koil, Nagercoil -629 003, Kanyakumari District. 
",265/28C ,"26.10.2004
",25.10.2010
80,"Indian Blood Bank
2/2 Spencor’s Compound, Dindigul-20
",266/28C,"26.10.2005
",25.10.2020
81,"Sivanthi Blood Bank
(Siventhi Medical Trust), 1/1 – 344 -A, M.S. Road, Nagarkovil, Kankumari District.
",268/28C,01.01.2006,30.01.2011
82,"Dr. Kamatchi Memorial Blood Bank & Blood Component research centre, (Run by Kamatchi Memorial Trust) 
No.1 Radial Road, Pallikarani, Chennnai-601 302
",269/28C,"13.03.2006
",12.03.2021
83,"Chettinad Hospital And Research Institute,
No. 43 Padur, Chengelput Taluk,   Kancheepuram District.
","270/28C
","25.07.2006
",24.07.2021
84,"Karur Voluntary Blood Bank & Laboratary, 
20 Kamachi Amman Koil Street, Karur – 639001
",275/28C,"18.01.2007
",17.01.2017
85,"Indian Red Cross Society Blood Bank
43, Medical College Road, Thanjavur-613001
",277/28C,"19.04.2007
",18.04.2017
86,"Christian Mission Hospital
126 F/3 East Veli Street, Madurai – 625001
",278/28C,"16.07.2007
",15.07.2017
87,"Kurinji Hospital, 
167/5 Reddiyar Block, No 1, Five Roads, Salem-636016
",280/28C,"31.07.2007
",30.07.2012
88,"Chennai Transfusion and Apheresis Centre, B.R. Speciality Hospital, 
20 G.N. Chetty Road, T. Nagar, Chennai – 600 017
",281/28C    ,"06.08.2007
",05.08.2017
89,"Om Sakthi Blood Bank
No.4, Sengodipuram, Dharmapuri – 636701
",282/28C,"28.08.2007
",27.08.2012
90,"St Joseph Hospital, 
Jayapuram, Tindivanam-604 002, Villupuram Ditrict
",283/28C,"01.10.2007
",30.09.2017
91,"Kanakesa Thevar Memorial Hospital Blood Bank, 
No.66, Chinnaiah Street, Pattukottai-614601
",284/28C ,"12.11.2007
",11.11.2017
92,"Life Line Blood Bank and Research  Centre (Run by Subashtika Charitable Society)          
3rd Floor, Sri Sudharsan Hospital, No.4, Salai Street, Vannarpettai, Tirunelveli 627003
",285/28C,"12.12.2007
",11.12.2017
93,"Sri Narayani Hospital & Research Centre,Tirumalaikodi, Vellore 632055.",286/28C,"20.12.2007
",19.12.2017
94,"Sri Shellapha Blood Bank,
Shri Sehllapha Hospital, 239, Rajaram  Nagar, Near Gandhi Stadium,  Salem-636007
",287/28C,"28.12.2007
",27.12.2017
95,"Sree Mookambika Institute Medical Science blood bank,14-9C 15, Ist Floor, Medical College Hospital Building, Padamilam, Kulasekaram, Kanyakumari Dist 629161
",288/28C,15.04.2008,14.04.2018
96,"Revathy Medical Centre blood bank, 
No 10, CKP Layout 4th floor, Valayankadu Main Road, Kumar Nagar (West), Tiruppur-614603
",289/28C,07.05.2008,06.05.2018
97,"A.C.S. General Hospital Blood Bank, (Run by Dr.M.G.R. Educational  Research Institute),
Periyar E.V.R. Road, Velappan Chavadi,  Chennai – 77.
",290/28C   ,29.08.2008,28.08.2018
98,"Saveetha Medical College & Hospital (A unit of Saveetha Institute of Medical & Technical Sciences), 
S.No. 302/1, Mavalur kuppam Village, Saveetha Nagar, Thandalam, Chennai-602105
",291/28C ,13.10.2008,12.10.2018
99,"Karpaga Vinayaga Institute of Medical Sciences, 
G.S.T.Road, No. 100, Moosivakkam Village, Chinna Kolappakkam, Madhuranthakam Tk, Kancheepuram District.",292/28C    ,04.11.2008,03.11.2018 
100,"Global Hospitals (A unit of  Rabindranath GE Medical Assn. Pvt. Ltd.), 
No. 439, Cheran Nagar, Perumbakkam, Chennai – 600100.",294/28C   ,04.12.2008,03.12.2018
101,"Idhayam Hospitals Erode Ltd, 
No. 15, Palaniappa Street, Erode – 638009.",295/28C    ,04.12.2008,03.12.2018
102,"Maruti Blood Bank, (Run by Maruthi Blood Bank Research Foundation Trust)
Door No. 5, 5/1, Srinivasa Complex, (First Floor) Ram Nagar, Meyyanur, Salem – 636004.",296/28C   ,"20.05.2015
",19.05.2020
103,"Sardar Raja Mission Hospital Blood Bank, 
Tirurajapuram, Kavalkinaru Junction, Tirunelveli ",297/28C    ,16.12.2008 ,15.12.2013
104,"Dindigul Blood Bank, (Run by Srinivasa Medical Service Trust)
No. 28/2, Veppan thoppu street, Dindigul 624 001
",298/28C,"24.12.2013
","23.12.2018
"
105,"Bensam Blood Bank, Bensam Hospital, 
No. 100-1, M.S.Road, Kalliyancadu, Nagercoil – 629003.
",299/28C      ,25.02.2009,24.02.2014
106,"Shri Sathya Sai Medical College & Research Institute Blood Bank  (Run by Sri Balaji Educational & Charitable Public Trust) 
Ammapettai,Nellikuppam, Tiruporur, Guduvanchery Main Road, Chengalpettu TK, Kancheepuram District- 603 107 ",301/28C,"29.05.2009
",28.05.2019
107,"Sivaramji Blood bank (Unit of Janaseva trust),
No 266 Omalur main road, Salem  - 7",302/28C,"29.05.2009
",28.05.2019
108,"Chennai Medical College Hospital & Research Centre,
Irungallar, Manachanallur, Trichy – 621 105",303/28C    ,03.06.2009,02.06.2019
109,"Sri Ramachandra Medical College & Research Institute, 
No.1 Ramachandra Nagar, Porur, Chennai – 600 116.",304/28C     ,17.06.2009,04.03.2021
110,"Rotary Blood Bank – Nanganallur,
128, Medavakkam Main Road, Ullagaram, Chennai – 600091.
",306/28C,15.10.2009,14.10.2014
111,"Annaporrna Medical College and Hospital Blood Bank (Run by Vinayaga Missions Research Foundation Trust), Annaporrna Medical College Campus. NH47, Sankari Main Road, Kalparapathy Post, Salem - 636308.",307/28C    ,09.12.2009,08.12.2019
112,"Muthukumaran Medical College Hospital & Research Institute, 
Chickrayapuram,  Near Mangadu, Chennai - 600 069.",308/28C      ,02.02.2010,01.02.2020
113,"Child Jesus Hospital, 
Promenade Road, Contonment,  Trichy – 620 001.
",309/28C    ,02.02.2010,01.02.2020
114,"Tagore Medical College Hospital, 
Survey No. 127, 130, 131, Rathinamangalam (First floor Medical College Building), Chennai – 600 048.",312/28C,07.09.2010 ,06.09.2020
115,"Fortis Malar Hospitals Ltd, Blood Bank 
52, First Main Road, Gandhi Nagar, Adyar, Chennai – 20. ",313/28C    ,21.10.2010,20.10.2020
116,"KMR Blood Bank (Run by KMR Charitable Trust) 
113A, (First Floor) Arulandha Nagar, 7th cross, Thanjavaur  - 613 007",316/28C  ,09.12.2010,08.12.2020
117,"Tuticorin Blood Bank, 
No. 218,  North Car Street, Tuticorin -  628 002.
",317/28C,"13.12.2010
",13.12.2015
118,"Shanthi Social Services (Diagnostic Centre) 
SF No. 128/2 (2249), Trichy Road, Singanallur Coimbatore-641005.",319/28C,"23.02.2011
",22.02.2016
119,"Karpagam Hospital, 
Pollachi Main Road, Othakkalmandapam, Coimbatore -641 032.",320/28C    ,23.02.2011,22.02.2021
120,"Vangal Amman Health Service Ltd, 
Kuriji Hospital, 522/3 Udayampalayam Road, Sowipalayam Post, Coimbatore-28.",321/28C  ,02.03.2011,01.03.2021
121,"Dhanalakshmi Srinivasan Medical College and Hospital Blood Bank, 
1st floor Diagnostic Block, Trichy – Chennai Highways (NH 45), Siruvachur 62113, Perambaulur.",322/28C   ,21.03.2011,20.03.2021
122,"Swaasam Blood Bank (Run by Any time Blood Voluntary Association)
9/ 3, Sakthi Estate, 3rd st, MG Road, Avarampalyam, Coimbatore – 641 006.
",325/28C ,04.05.2011,03.05.2016
123,"Sree Abirami Hospital (P) Ltd., 
33, Madukkarai Road, Sundarapuram, Coimbatore – 641 024.",327/28C    ,19.07.2011 ,18.11.2016
124,"St. Thomas Blood Bank & Research  Centre, 
St. Thomas Hospital, 5/105, II floor Defence Colony Road, St. Thomas Mount, Chennai -16. ",328/28C ,19.07.2011 ,18.07.2021
125,"Madha Medical College & Hospital Blood Bank, 
Kovur, Thandalam, Chennai – 600 122. ",330/28C ,"07.09.2011
", 06.09.2016
126,"Dhanvantri Charitable Trust Blood Bank, 
No.1. Old Post office Road, Sathyamangalam –Erode District. ",331/28C ,"26.09.2011 
",25.09.2016
127,"Sri  Annai Blood Bank, (Run by Nestle Foundation Trust )S.No. 49/8B 49/8C ward E Block No. 6., Door No. 56 J2 Chairman A. Shanmuga Nadar Road, Sivakasi 626 123, Virudhunagar District.",334/28C   ,"21.05.2012
",20.05.2017
128,"Ramana Gounder Medical Trust Blood Bank,
Mettupalayam Road, S.F.No.47 & 48 Thudaiyalur, Coimbatore - 34.
",335/28C   ,"26.6.2012
",25.06.2017
129,"Rainbow Blood Bank (Run by Rainbow Health & Educational Trust,
40, Car Street, Karur – 639 001
","336/28C
","23.07.2012
",22.07.2017
130,"G.N.Blood Bank (Run by G.G.Educational & Charitable Trust)
Sri Aravinda Hospital,
7-C, Chairman  Chidambaram Street,   Villupuram 605 602
",337/28C,"24.08.2012
",23.08.2017
131,"Sudiksha Prabhu Hospital Blood Bank & Research Centre,
65-1, Chokkan Urani Street, Kovilpatti-628 501, Tuticorin District 
","338/28C
","03.10.2012
",02.10.2017
132,"Apollo Speciality Hospital,
4th Floor, Geo Tower, Old No.319, New No.465, Anna Salai, Nandanam, Chennai -600 035.
",339/28C  ,"30.09.2007
",29.9.2017
133,"Vevekanandha Medical Care Hospital Blood Bank,
SF No.20/1,2, Elayampalayam -637 205, Tiruchengodu, Namakkal District
",340/28C,"30.11.2012
",29.11.2017
134,"Palani Blood Bank  (Run by Annai Educational Trust) 
No. 49, Dindigal Road, 1st Floor, Opp.to Govt Hospital, Palani – 624 601, Dindigul District
",341/28C,"12.12.2012
",11.12.2017
135,"Right Hospitals Blood Bank,
No.1, Prof.Subramaniam Street, Kilpauk,  Chennai- 600 010.
",343/28C,"28.01.2013
",27.01.2018
136,"Velammal Medical College Hospital & Reserach Institute,
Madurai-Tuticorin Ring Rosad,  Annupanadi Village, Madurai – 625 009
",344/28C,"11.02.2013
",10.02.2018
137,"IMA Rotary  Masonic Midtown Mahaveer Blood Bank, (Trust) 
92, Syrian Church Road, 1st floor, Coimbatore - 641 001.
",346/28C     ,26.04.2013,25.04.2018
138,"Kongu Nadu Hospital Pvt.Ltd.,
336 to 353 Dr. Rajendra Prasad Road,  (100 feet Road), Coimbatore - 641012.
",347/28C ,"10.10.2013
",09.10.2018
139,"Annai Medical College & Hospital Blood Bank (Run by Sri Devi Karumari Amman Educational Trust), 
1st Floor Casuality Block, Dr. G. Jayarama Nagar, Pennatur, Sri Perumbudur Taluk – 602 117, Kancheepuram Dist",348/28C    ,17.10.2013,16.10.2018
140,"Meenakshi  Hospital Blood Bank.
SF No. 244/2, 3rd Floor, Nilgiri Therkku Thottam Village, Trichy Tanjore Main Road, Nelagiri Panchayat, Tanjore TK & District - 613 005
",349/28C ,01.11.2013,31.10.2018
141,"Apollo Hospitals (Run by Apollo Hospitals Educational Trust), 
No. 64, Fourth Flr, Vanagaram to Ambattur Main Rd., Ayanambakkam, Chennai-95",350/28C   ,03.02.2014,02.02.2019
142,"Meenakshi Blood Bank, (Run by Ayyamperumal  & K. Dakshinamoorthy Trust), 
4215, South 4th Street, Pudukottai -1",351/28C    ,12.02.2014,11.02.2019
143,"Sri  P.A.C.  Ramasamy  Raja  Rotary Blood Bank, (Run by Rajapalayam Rotary Trust)Old No.: 1069, New No.: 170, Madurai to Tenkasi Road,  Rajapalayam –  626 117",352/28C     ,29.04.2014,28.04.2019
144,"Lions Club of Erode Supreme Charitable Trust Blood Bank,
No. 24 S.K.C Road, 2nd Street, Erode 638 001.",353/28C,"07.05.2014
",06.05.2019
145,"Doctors Blood Bank and Reseach Ceture (Run by DDC Charitable Trust),
123/1, Puthur Main Road, Woraiyur, Trichy -3",356/28C,"15.07.2014
",14.07.2019
146,"Aarthi Blood Bank, Aarthi Hospital, 
16, Santhaipettai Road, Kovilpatti - 628 502, Thoothukudi District",357/28C   ,15.07.2014,14.07.2019
147,"Arogya Blood Bank (A Unit of Arogya Seva Hospitals Pvt. Ltd), 
SF. No. 122/2F, Door No. 7, Shanthi Nagar, Hosur - 635 109, Krishnagiri District.",359/28C,31.07.2014,30.07.2019
148,"Ramnad Blood Bank (Run by C.Lakshmiammal Memorial Trust), 
No. 1/225, “Malligai Illam” Mahasakthi Nagar, Ramanathapuram - 623 503",362/28C,18.09.2014,17.09.2019
149,"Gudalur Adivasi Hospital,10/147-G7, Kothervayal, Gudalur - 643 212, The Nilgiris District",363/28C ,24.09.2014,23.09.2019 
150,"TCR Blood Bank (Run by TCR Hospital & Charitable Trust), 
TCR Multi Specialty Hospital,No.1/450, Avvai Nagar, 3rd Floor, Near LIC, Krishnagiri - 635 001",364/28C   ,26.09.2014,25.09.2019
151,"Billroth Hospitals Limited, 
No.56 & 57, New Door No,5 & AMP:7 Gajapathy Street, Shenoy Nager, Chennai-600 030, Tamil Nadu",365/28C ,28.10.2014,27.10.2019
152,"KaraiKudi Blood Centre (Run by Vivekananda Trust) 
1st Floor, No.24/7, Ayyanar Puram 2nd street, KaraiKudi – 623 001, Sivaganga District ",366/28C  ,31.10.2014,30.10.2019
153,"Landsteiner Lakshmi Memorial Research Foundation, 
14/90, Ground Floor, First Floor and Second Floor, Ayyavoo Street, Aminijikarai, Chennai – 600 029.",367/28C  ,12.2.2014,11.12.2019
154,"Life Care Voluntary Blood Bank (run by life Care Trust) 
Venus Arcade, No.2, Ground Floor and First Floor, Old Telephone Exchange Road, Near Parimalam School, Hosur- 635 109",369/28C      ,09.01.2015,08.01.2020
155,"Jeevan Blood Bank and Research Centre (Run by Lister charitable Trust for Technology Education  and Research) No. 22/11, 1st Floor wheet Crofts Road Nungambakkam, Chennai – 600 034.
",370/28C  ,"05.02.2015
",04.02.2020
156,"SRM Institutes For Medical Science,  
No.1, Block B, First Floor, Jawaharlal Nehru Salai, (100 Feet Road) Vadapalani, Chennai- 26",371/28C  ,09.03.2015,08.03.2020
157,"DD Hospital & DD Medical College (Run by Medical of Education Trust), 
No.7 DD Nagar, Kunnavalam & Po, Thiruvallur Dist.",372/28C   ,11.03.2015,10.03.2020
158,"Annai Blood Bank, (run by Grace Trust), 
117, P.S.R. road, Sivakasi Virudhunagar District .",373/28C  ,27.05.2015,26.05.2020
159,"Annai Blood Bank, (run by Grace Trust), 
117, P.S.R. road, Sivakasi Virudhunagar District .",375/28C  ,23.06.2015,22.06.2020
160,"Apollo Speciality Hospitals,
2nd Floor, Chennai By-Pass Road, Ariyamangalam,  Old Palpannai, Trichy – 620 010.
",377/28C ,03.09.2015,02.09.2020
161,"Bharath Clinical Laboratory and Blood Bank,
64/29 B, Dr. Sankaran Road , Namakkal – 637001.",378/28C  ,14.10.2015,13.10.2020
162,"Rajesh Tilak Blood Bank at Rajesh Tilak Hospital,Door No. 107J/79/53, P.C. Road, First Floor, Rajesh Tilak Hospital Campus, West Millarpuram, Tuticorin,  Tamil Nadu – 628008.",379/28C  ,28.10.2015,27.10.2020
163,"Jeevan Blood Bank,Plot No. 363, East 4th Cross Street, K.K. Nagar,  Madurai – 625020.",380/28C   ,18.11.2015,17.11.2020
164,"SKS Hospital Blood Bank (Unit of SKS Hospital (I) Pvt. Ltd), 
No. 50/2, First Floor, Brindhavan Road, Alagapuram, Salem - 636004",381/28C  ,21.12.2015,20.12.2020
165,"Sree Venkateshwara Blood Bank (Run by Sree Balaji Medical and Social Trust) 
No. 13/1(12/1) T.H. Road, 1st lane alias East Muthiah Street, Chennai – 600021.",383/28C ,07.03.2016,06.03.2021
166,"Rotary Blood Bank (Run by Rotary Club of Kumbakonam Charitable Trust),No. 31/567, Banadurai South Street, Kumbakonam – 612001",384/28C,"18.05.2016
",17.05.2021
167,"Annai Velankanni Blood Bank & Component Centre,No.111, Bypass Road, East (Barani Nagar) Murugankurichi, Tirunelveli – 627002.",385/28C,"12.05.2016
",11.05.2021
168,"Apollo Hospitals Enterprises Ltd, 
21, Basment Floor, Greams Lane(off), Greams Road, Chennai - 600 006.",386/28C    ,10.06.2016,09.06.2021
169,"K.S.M. Blood Bank, (Run by Maruti Charitable Trust)Basement Floor of M/s. Aiswaryam Hospital, 114/1, Bangalore Bye Pass Road, Nedunchalai Nagar, Salem -  630005.",387/28C ,03.08.2016,02.08.2021
170,"Voluntary Blood Bank  (Run by Voluntary Health Charitable Trust), 
2936, West Main Street, Thanjavur - 613 009.",388/28C  ,03.08.2016,02.08.2021
171,"Madurai Voluntary Blood Bank & Research Centre (Run by Subastika Charitable Society), 
No.42, Ground Floor, Kakkan Street, Shenoy Nagar, Madurai - 625020.",389/28C,08.08.2016 ,07.08.2021
172,"Manipal Hospital Blood Bank (Manipal Health Enterprises Pvt. Ltd) 
1st Floor, New No. VII /15, old No. III/120, Vellakalpatty, Salem- Bangalore Highroad, Dalmia Board, Salem - 636 012.",390/28C,14.09.2016 ,13.09.2021
173,"Ponnaiyah Ramajayam Institute of Medical Sciences Blood Bank (Run by Ponnaiyah Ramajayam Institute of Sciences and Technology Trust), 
No.68, Nallur, 69-Manamai Village, Thirukalukundram, Kancheepuram - 603102.",392/28C,27.09.2016 ,26.09.2021
174,"St. Joseph Hospital (Run by Council of the ICM Hospital), 
No.15, 1st Floor, Trichy Road, Dindigul - 624 001.",393/28C,27.09.2016 ,26.09.2021
175,"S. Palaniyandi Mudaliar Memorial Hospital Blood Bank, (Run by  S. Palaniyandi Mudaliar Memorial Charitable Trust)  No. 29, Cuddalore Road,  Ammepet, Salem - 636003.
",394/28C,27.09.2016 ,26.09.2021
176,"Maga Blood Bank (Run by Maga Health & Educational Trust), 
174, Ground Floor, Bathri Nagar, Gugai, Salem – 636006.
",395/28C,27.09.2016 ,26.09.2021
177,"Pollachi Blood Bank (Run by Thangamal Charitable Trust), 
No. 30, Palaniyammal Layout, Venkatesa Colony, Pollachi - 642 001.",396/28C,17.10.2016 ,16.10.2021
178,"Suham Blood Bank (Run by Health Care Trust) 
No. 30, Old Agraharam Street, Chinna Chokkikulam, Madurai - 625 002.",397/28C,03.11.2016 ,02.11.2021
179,"M/s. Annai Teresa Blood Bank & Apheresis Centre (Run by Little Roses Trust), 
No. 60, 2nd & 3rd Floor, 1st Main Road, Sadasiva Nagar, Puzhuthivakkam, Chennai -600091.",398/28C,21.11.2016 ,20.11.2021
180,"M/s. Salem Blood Bank (Run by Siddha Holistic Health Care & Research Centre Charitable Trust), 
No. 53, Omalur Main Road (Behind Anna Park), Tamil Sangam Road, Salem - 636 007.",399/28C,19.12.2016 ,18.12.2021
181,"Kanyakumari Medical Mission, 
CSI Hospital , Neyoor - 629 802.
",400/28C ,"20.12.2016
",19.12.2021
182,"M/s. Essar Blood Bank (A unit of Cauvery Charitable Trust), 
No. 19(26), First Floor and Second Floor, Devadoss Street, Vedhachala Nagar, Chengalpattu - 603 001.",401/28C ,"22.12.2016
",21.12.2021
183,"Minu Labs and Blood Bank, 
34/13, Ground Floor & first Floor, Gharkhana Street, Meyyanur, Salem - 636 004.",402/28C ,"30.12.2016
",29.12.2021
184,"Krishna Maternity Home & Pediatric Centre Blood Bank,No. 19-J, First Floor, North High Ground Road, Palayamkottai, Tirunelveli - 627 002.",404/28C ,"10.02.2017
",06.02.2022
185,"M/s. R.M.D. Blood Bank (A unit of Sri Raghavendira Educational Health and Envirinmental Trust), 
Plot No. 16, Sivasakthi Nagar, Su. Kilnatchipattu, Tirukovilur Road, Thiruvannamalai - 606 601",406/28C ,"03.03.2017
",02.03.2022
186,"Royal Care Super Speciality Hospital Limited, 
S.F. No. 554/3, Second Floor North Wing, L&T Road, Neelambur, Coimbatore - 641062.",407/28C ,"28.03.2017
",27.03.2022
187,"M/s. Sri Kaalli Blood Bank (Run by Sri kali Charitable Trust), Ground & First Floor, No. 28/42, Kenikarai, Thiruvarur Road,  Mayavaram - 609 001.","410/28C 
     
",25.07.2017,24.07.2022
188,"M/s. Sivan Blood Bank (Run by C. Lakshmiammal Memorial Trust), No. 278, Ground & First Floor, 1st East Main Road, Arignar Anna Nagar, Madurai - 625 020.","414/28C 

",07.09.2017,06.09.2022
189,"M/s. SRM Medical College Hospital Blood Bank (Run by SRM Institute of Science & Technology Trust), 'A' Block to First Floor of Hospital Annex Block, SRM Nagar, Potheri, Kattankulathur, Kancheepuram - 603203.",416/28C,21.09.2017,20.09.2022
190,"Lords Blood Bank (Run By Rajamony Memorial Educational Charitable Trust) 17-149B, Lucas Arcade Aloor Road,  Chunkankadai 629 003 
Kanyakumari District 
",417/28C,26.09.2017,25.09.2022
191,"Raj Hospital Blood Bank,Raj Hospital Campus, No.10, 2nd Floor (South Part), Balakrishna Nagar, Mannargudi, Thiruvarur District - 614 001",419/28C,26.09.2017,25.09.2022
192,"Athma Blood Bank (A unit of Arumbakkam Shri A.S. Rajagopalan Trust), First Floor, Deepam Pallavaram Hospital, 107A, Grand Southern Trunk (GST) Road, Chrompet,Chennai - 600 044.",420/28C,10.10.2017,09.10.2022
193,"M/s. Victory Blood Bank (Run by Sshri Mathi Vijaya Health and Educational Trust) No. 742(633/2), (First Floor, Mezzanine Floor of First Floor & Second Floor), Periyar E.V.R. Salai, Aminjikarai, Chennai - 600 029.",421/28C,13.10.2017,12.10.2022
194,"M/s. Coimbatore Biomedical Services Blood Bank (Run by the Coimbatore Biomedical Services Charitable Trust), 174, Ground Floor, Bashyakaralu Road (East), Opp Maruthi Theatre, R.S. Puram, Coimbatore - 641 002.",422/28C ,15.11.2017,14.11.2022
195,"M/s. Royal Blood Bank (Run by Royal Medical and Charitable Trust), No. 6B, Peria Nadar Street, P.W.D. Office Road, Nagercoil - 629 001",423/28C,31.03.2017,30.03.2022
196,"M/s. Vikram Blood Bank & Component Centre (Run by Vikram Medical Service Trust), No. 1565/4D-1,2,3 (Ground, First & Second Floor), Nehruji Road (Society Street), Theni - 625 531",425/28C,08.01.2018,07.01.2023
197,"M/s. Chennai Voluntary Blood Bank & Research Centre (Run by Ungalukagha Charitable Trust), Old No. 108/1, New No. 213/1, 3rd & 4th Floor, Y Block, 2nd Avenue, Anna Nagar (West),Chennai - 600 040.",426/28C,12.01.2018,11.01.2023
198,"M/s. Indian Voluntary Blood Bank (Run by Maatram Educational & Charitable Trust), No. 110, East Madha Church Street, Opp. SMS Hospital, Rayapuram, Chennai - 600 013.",427/28C,01.03.2018,28.02.2023
199,"M/s. Kumaran Hospital Blood Bank(A unit of Sri Sai Sampathi Trust), Old No. 824, New No. 282, First Floor, Twin Tower Chamber, E.V.R. Periyar Salai Poonamallee High Road, Kilpauk,Chennai - 600 010",428/28C,05.03.2018,04.03.2023
